CustomerID,ChurnRisk,Confidence
1,High,69.1
2,Low,9.5
3,High,70.3
4,Low,16.1
5,High,80.0
6,High,90.7
7,High,63.6
8,High,60.8
9,High,72.0
10,Low,15.0
11,Low,39.3
12,Low,0.6
13,Low,47.6
14,High,68.3
15,High,75.7
16,Low,8.7
17,Low,9.2
18,Low,32.4
19,Low,41.0
20,High,66.5
21,High,82.5
22,Low,2.2
23,High,72.7
24,Low,2.8
25,Low,35.0
26,Low,34.5
27,High,73.5
28,High,76.8
29,Low,0.6
30,Low,48.4
31,Low,11.6
32,High,90.4
33,Low,15.9
34,High,73.8
35,High,78.8
36,Low,8.7
37,High,71.7
38,Low,45.3
39,High,69.8
40,High,93.1
41,Low,18.4
42,Low,6.2
43,Low,4.0
44,Low,2.6
45,High,66.3
46,High,55.5
47,High,68.7
48,High,85.6
49,Low,4.3
50,Low,2.0
51,High,50.0
52,High,81.7
53,Low,32.0
54,High,81.7
55,Low,14.1
56,High,70.6
57,Low,40.7
58,Low,31.5
59,Low,4.7
60,Low,15.9
61,High,67.5
62,Low,37.3
63,Low,3.8
64,Low,18.9
65,High,86.7
66,High,82.9
67,Low,19.3
68,Low,5.5
69,Low,1.3
70,High,70.9
71,High,65.9
72,Low,9.3
73,Low,23.3
74,Low,0.4
75,Low,37.1
76,High,52.3
77,Low,18.1
78,Low,34.8
79,High,55.2
80,Low,7.5
81,High,94.7
82,Low,36.3
83,High,74.3
84,High,71.9
85,Low,1.2
86,High,88.7
87,Low,17.7
88,Low,8.1
89,Low,0.9
90,Low,49.5
91,High,60.9
92,High,91.5
93,Low,1.1
94,Low,21.6
95,Low,9.6
96,High,70.6
97,Low,11.2
98,Low,48.1
99,Low,1.1
100,High,79.9
101,High,73.8
102,High,60.4
103,Low,35.8
104,Low,16.0
105,Low,30.5
106,High,50.1
107,Low,25.2
108,Low,13.6
109,Low,30.6
110,Low,0.5
111,High,64.0
112,Low,18.0
113,Low,47.8
114,High,60.7
115,Low,5.6
116,High,80.8
117,Low,3.8
118,High,93.0
119,Low,1.1
120,High,64.3
121,Low,38.8
122,Low,15.2
123,High,80.7
124,Low,36.4
125,Low,24.1
126,Low,3.9
127,High,62.0
128,Low,0.4
129,High,50.2
130,Low,11.0
131,High,76.3
132,Low,41.1
133,Low,2.8
134,High,83.4
135,High,74.9
136,Low,2.2
137,High,60.1
138,Low,0.8
139,Low,1.5
140,High,88.8
141,Low,0.8
142,High,73.5
143,Low,13.5
144,Low,22.0
145,Low,0.4
146,Low,13.4
147,Low,5.8
148,High,84.0
149,Low,15.3
150,Low,39.8
151,Low,34.8
152,High,88.5
153,Low,27.6
154,Low,2.3
155,Low,34.2
156,High,73.4
157,High,65.3
158,Low,9.8
159,Low,4.1
160,Low,1.2
161,Low,41.4
162,High,64.2
163,High,72.5
164,Low,3.1
165,Low,4.3
166,Low,0.4
167,High,81.0
168,Low,0.8
169,Low,45.7
170,Low,14.3
171,Low,24.8
172,High,87.2
173,Low,3.9
174,Low,33.2
175,Low,4.0
176,Low,18.5
177,High,73.6
178,High,75.2
179,High,69.7
180,Low,6.2
181,High,75.0
182,High,82.9
183,High,84.8
184,Low,26.5
185,High,72.3
186,High,77.0
187,Low,41.6
188,High,63.1
189,Low,1.1
190,Low,47.0
191,Low,27.9
192,High,85.2
193,Low,2.2
194,Low,4.5
195,Low,2.0
196,High,70.3
197,Low,3.7
198,Low,21.1
199,Low,4.9
200,Low,28.8
201,Low,39.2
202,High,71.8
203,Low,11.0
204,High,67.4
205,Low,35.2
206,Low,26.5
207,Low,5.8
208,High,94.9
209,High,66.7
210,Low,27.8
211,High,74.7
212,High,73.7
213,Low,4.7
214,Low,1.0
215,High,63.4
216,Low,25.7
217,Low,3.6
218,Low,5.0
219,Low,2.0
220,High,77.3
221,High,79.3
222,Low,0.8
223,Low,7.1
224,High,72.0
225,Low,1.0
226,Low,10.5
227,Low,31.2
228,High,72.1
229,High,67.5
230,Low,2.8
231,Low,38.1
232,High,50.0
233,High,91.4
234,Low,0.4
235,Low,25.9
236,High,74.0
237,Low,1.8
238,High,54.1
239,High,88.2
240,Low,3.2
241,Low,0.9
242,Low,7.7
243,Low,24.8
244,Low,33.5
245,Low,41.0
246,High,83.6
247,Low,32.6
248,High,72.8
249,High,63.2
250,Low,32.1
251,Low,15.5
252,High,81.4
253,High,81.7
254,Low,29.5
255,Low,29.3
256,Low,2.1
257,Low,16.7
258,Low,34.7
259,High,79.3
260,Low,40.7
261,High,74.3
262,High,77.5
263,Low,33.4
264,Low,2.1
265,Low,35.8
266,Low,1.4
267,Low,3.2
268,High,71.8
269,Low,29.2
270,Low,0.4
271,High,74.3
272,Low,2.8
273,High,77.0
274,High,64.0
275,High,87.1
276,High,85.3
277,High,54.5
278,Low,31.1
279,Low,41.9
280,High,67.8
281,Low,39.4
282,Low,35.6
283,High,65.8
284,Low,27.9
285,High,70.5
286,Low,20.7
287,Low,49.7
288,High,89.9
289,High,75.6
290,High,54.0
291,High,56.6
292,Low,13.7
293,Low,22.2
294,High,83.1
295,Low,26.1
296,High,59.3
297,Low,3.6
298,High,67.3
299,High,51.2
300,High,88.0
301,Low,14.2
302,High,89.3
303,High,78.9
304,Low,3.4
305,High,51.1
306,Low,2.9
307,High,61.1
308,Low,3.6
309,High,70.8
310,Low,19.3
311,Low,45.4
312,High,64.5
313,Low,20.1
314,High,60.0
315,High,82.9
316,High,52.7
317,Low,0.4
318,Low,31.0
319,High,63.8
320,High,58.8
321,Low,24.2
322,Low,2.1
323,High,76.7
324,Low,18.9
325,Low,2.1
326,High,68.0
327,High,74.1
328,High,78.4
329,High,52.1
330,High,67.2
331,Low,3.4
332,Low,1.7
333,Low,29.9
334,High,74.9
335,High,87.1
336,Low,28.4
337,Low,37.4
338,Low,0.8
339,High,51.5
340,Low,42.9
341,Low,28.4
342,Low,0.9
343,Low,14.0
344,Low,6.2
345,Low,3.0
346,High,82.7
347,High,83.2
348,Low,1.2
349,Low,48.2
350,Low,40.0
351,Low,3.9
352,Low,20.4
353,High,81.0
354,High,85.4
355,High,56.6
356,High,76.8
357,Low,45.0
358,Low,9.7
359,High,54.3
360,Low,32.7
361,Low,18.0
362,Low,9.7
363,Low,15.7
364,Low,1.5
365,High,53.3
366,High,87.5
367,Low,32.7
368,Low,33.2
369,Low,24.3
370,Low,5.7
371,Low,5.0
372,High,88.7
373,Low,3.4
374,Low,40.0
375,High,66.4
376,Low,23.6
377,High,66.3
378,High,76.6
379,Low,2.6
380,Low,25.2
381,Low,24.3
382,High,76.8
383,Low,4.1
384,High,93.2
385,Low,31.3
386,Low,30.6
387,Low,48.9
388,Low,23.1
389,High,52.2
390,High,60.4
391,High,67.6
392,High,66.2
393,High,69.1
394,Low,18.2
395,Low,50.0
396,Low,0.7
397,High,57.7
398,High,60.4
399,Low,28.6
400,Low,1.2
401,Low,1.6
402,Low,1.6
403,High,65.1
404,Low,13.2
405,Low,0.8
406,Low,0.4
407,Low,33.5
408,High,63.5
409,High,64.6
410,High,67.6
411,High,77.6
412,Low,7.3
413,High,58.7
414,Low,48.6
415,Low,40.5
416,High,66.3
417,Low,9.1
418,Low,6.6
419,High,64.6
420,High,91.7
421,Low,49.2
422,High,57.8
423,Low,36.3
424,Low,7.6
425,High,56.0
426,Low,38.7
427,Low,48.6
428,High,80.1
429,High,54.4
430,Low,11.0
431,High,52.6
432,Low,12.0
433,High,71.5
434,High,53.8
435,Low,4.8
436,Low,45.4
437,Low,5.7
438,Low,2.5
439,High,57.0
440,High,78.8
441,High,61.5
442,High,68.4
443,Low,34.4
444,Low,43.9
445,High,58.9
446,Low,48.5
447,High,96.9
448,Low,3.4
449,High,85.7
450,Low,10.6
451,Low,6.6
452,Low,37.2
453,Low,21.8
454,High,62.4
455,Low,0.4
456,High,76.9
457,Low,25.6
458,Low,6.8
459,Low,19.2
460,High,88.9
461,Low,29.5
462,Low,31.4
463,High,91.3
464,High,91.6
465,Low,2.2
466,Low,3.2
467,Low,16.0
468,Low,19.3
469,Low,0.8
470,Low,42.0
471,Low,3.5
472,High,79.3
473,High,69.1
474,Low,28.0
475,High,91.5
476,High,62.5
477,High,57.8
478,High,72.1
479,High,89.2
480,Low,44.5
481,Low,0.4
482,Low,49.0
483,High,59.1
484,Low,34.8
485,High,84.2
486,Low,0.8
487,High,82.9
488,Low,0.8
489,Low,2.7
490,High,88.0
491,Low,12.1
492,High,64.2
493,High,81.1
494,Low,16.5
495,Low,32.0
496,Low,45.5
497,Low,28.2
498,Low,0.4
499,High,64.9
500,High,89.1
501,Low,32.8
502,Low,1.4
503,Low,11.1
504,High,58.8
505,Low,3.1
506,High,66.3
507,High,72.6
508,High,89.9
509,High,79.8
510,High,51.8
511,Low,29.1
512,Low,46.9
513,High,82.7
514,Low,44.1
515,High,61.2
516,High,71.9
517,Low,11.8
518,High,78.8
519,High,57.6
520,Low,18.0
521,Low,30.1
522,Low,29.3
523,Low,48.0
524,High,58.2
525,High,75.5
526,Low,15.3
527,Low,1.6
528,Low,29.4
529,Low,1.1
530,Low,14.2
531,Low,2.0
532,Low,0.4
533,High,86.9
534,Low,26.8
535,High,95.0
536,High,78.2
537,Low,31.8
538,Low,9.7
539,Low,18.7
540,Low,2.4
541,Low,3.7
542,Low,35.1
543,Low,36.5
544,High,81.3
545,Low,48.0
546,Low,25.3
547,High,59.0
548,Low,29.8
549,Low,37.7
550,Low,25.7
551,Low,5.6
552,Low,1.6
553,Low,7.7
554,Low,2.4
555,High,63.8
556,Low,15.9
557,High,64.6
558,Low,27.8
559,High,70.2
560,High,65.4
561,High,54.9
562,High,64.6
563,High,60.2
564,Low,12.8
565,Low,30.0
566,Low,4.8
567,Low,43.7
568,Low,4.1
569,High,75.3
570,Low,9.7
571,Low,6.4
572,Low,5.4
573,Low,24.4
574,High,50.3
575,High,63.1
576,Low,2.9
577,Low,42.8
578,High,70.6
579,High,56.0
580,Low,23.8
581,Low,44.1
582,High,91.7
583,High,85.8
584,Low,30.6
585,Low,29.0
586,High,94.2
587,Low,2.3
588,Low,2.9
589,Low,9.7
590,Low,1.3
591,Low,4.5
592,Low,12.6
593,Low,1.8
594,High,66.8
595,High,81.3
596,Low,38.5
597,Low,6.8
598,Low,38.1
599,Low,15.2
600,Low,0.7
601,High,69.7
602,Low,4.5
603,Low,16.3
604,Low,31.7
605,High,50.2
606,Low,1.0
607,Low,4.1
608,Low,18.2
609,Low,1.6
610,High,55.2
611,High,69.0
612,Low,39.2
613,Low,0.4
614,High,52.0
615,Low,3.1
616,Low,45.6
617,Low,40.7
618,Low,31.2
619,Low,39.1
620,High,74.2
621,Low,44.0
622,Low,18.4
623,Low,24.8
624,Low,0.8
625,Low,33.8
626,High,65.6
627,High,64.6
628,Low,32.0
629,Low,5.3
630,High,52.3
631,High,72.4
632,Low,45.4
633,Low,1.0
634,Low,2.6
635,Low,13.1
636,High,62.2
637,Low,9.7
638,Low,4.8
639,High,59.6
640,High,82.9
641,Low,0.8
642,Low,46.1
643,High,91.2
644,Low,17.7
645,Low,24.0
646,High,68.5
647,High,84.1
648,Low,18.8
649,High,88.3
650,Low,43.3
651,High,74.6
652,High,91.5
653,Low,0.6
654,Low,19.4
655,Low,34.8
656,High,85.4
657,Low,0.8
658,Low,19.3
659,High,50.4
660,Low,10.7
661,High,65.9
662,High,53.4
663,High,67.2
664,Low,2.8
665,Low,1.4
666,High,78.7
667,High,81.0
668,Low,35.6
669,High,70.3
670,Low,5.9
671,Low,3.4
672,Low,4.4
673,High,88.9
674,Low,21.1
675,Low,45.6
676,Low,21.5
677,Low,6.5
678,High,80.1
679,Low,42.8
680,Low,47.2
681,High,94.7
682,Low,5.1
683,Low,35.8
684,High,52.8
685,High,85.7
686,High,65.0
687,Low,6.7
688,High,78.1
689,Low,13.9
690,High,55.1
691,Low,35.0
692,Low,23.1
693,Low,9.1
694,High,83.7
695,Low,1.2
696,Low,28.8
697,Low,0.8
698,High,71.6
699,Low,23.6
700,Low,7.5
701,Low,2.0
702,High,60.8
703,High,67.2
704,Low,35.0
705,High,70.0
706,High,60.3
707,Low,2.3
708,Low,45.7
709,High,60.1
710,High,62.7
711,Low,36.5
712,High,62.1
713,Low,1.5
714,High,77.3
715,Low,0.8
716,High,50.8
717,Low,2.1
718,High,64.8
719,Low,28.5
720,Low,33.3
721,Low,7.7
722,Low,0.7
723,High,84.4
724,High,70.0
725,High,61.6
726,Low,24.7
727,Low,2.4
728,High,82.3
729,High,67.9
730,Low,7.6
731,Low,49.3
732,Low,20.3
733,High,56.3
734,Low,2.8
735,High,66.0
736,Low,26.2
737,Low,48.3
738,Low,8.6
739,High,57.0
740,Low,1.4
741,Low,4.7
742,High,69.8
743,High,87.5
744,Low,0.4
745,High,65.9
746,Low,5.5
747,Low,1.6
748,High,83.2
749,Low,2.1
750,Low,18.1
751,Low,32.9
752,Low,1.5
753,High,74.3
754,Low,0.3
755,High,81.0
756,High,74.5
757,Low,1.2
758,Low,37.1
759,High,76.2
760,Low,1.0
761,Low,32.3
762,High,64.4
763,High,79.0
764,Low,8.8
765,Low,0.8
766,Low,44.1
767,High,60.7
768,Low,4.3
769,Low,48.3
770,Low,13.1
771,Low,11.3
772,High,71.4
773,High,64.6
774,High,84.3
775,Low,46.9
776,Low,4.8
777,High,73.5
778,High,86.5
779,High,54.8
780,High,74.2
781,Low,4.8
782,High,68.8
783,Low,32.1
784,High,79.8
785,Low,15.9
786,High,53.8
787,Low,6.7
788,Low,34.4
789,Low,19.3
790,Low,6.2
791,Low,2.3
792,Low,15.8
793,Low,3.7
794,Low,4.5
795,High,66.5
796,Low,44.2
797,Low,31.2
798,Low,23.1
799,High,73.3
800,Low,41.0
801,Low,3.7
802,High,92.6
803,Low,1.7
804,Low,4.4
805,High,85.0
806,Low,4.1
807,Low,47.2
808,Low,31.2
809,High,72.0
810,High,96.9
811,High,60.0
812,Low,10.1
813,Low,3.7
814,Low,11.0
815,Low,18.8
816,High,64.2
817,High,88.7
818,High,60.6
819,High,69.3
820,Low,0.9
821,Low,39.5
822,Low,2.8
823,High,51.3
824,Low,26.7
825,Low,1.5
826,High,72.2
827,High,89.1
828,Low,24.6
829,Low,18.4
830,Low,33.6
831,High,55.9
832,Low,4.4
833,Low,16.6
834,High,51.8
835,High,83.9
836,Low,31.7
837,Low,15.0
838,High,76.9
839,High,62.1
840,Low,1.8
841,Low,47.4
842,Low,10.4
843,Low,2.1
844,Low,42.6
845,High,89.5
846,Low,3.5
847,Low,2.3
848,Low,9.9
849,Low,1.4
850,Low,1.0
851,Low,1.6
852,Low,3.0
853,High,74.9
854,Low,26.3
855,Low,0.4
856,High,55.8
857,Low,0.9
858,High,81.1
859,Low,22.1
860,Low,4.1
861,Low,1.1
862,Low,2.1
863,High,62.4
864,High,88.9
865,High,67.2
866,High,84.5
867,Low,2.3
868,Low,17.7
869,Low,23.2
870,Low,1.7
871,Low,10.8
872,Low,35.6
873,Low,0.8
874,Low,43.1
875,Low,16.2
876,High,70.1
877,High,73.3
878,Low,27.7
879,Low,14.7
880,Low,28.7
881,High,74.5
882,Low,0.9
883,High,84.7
884,Low,42.9
885,Low,9.2
886,High,67.2
887,High,83.6
888,Low,43.6
889,Low,22.0
890,High,60.3
891,High,66.2
892,High,67.7
893,High,61.3
894,High,74.4
895,Low,15.9
896,High,67.4
897,Low,2.2
898,Low,21.7
899,High,93.1
900,Low,43.5
901,Low,33.7
902,High,90.1
903,High,67.4
904,High,55.7
905,Low,2.0
906,High,89.8
907,Low,46.5
908,Low,14.4
909,Low,26.9
910,Low,4.7
911,High,74.5
912,High,67.8
913,Low,24.8
914,Low,1.4
915,Low,0.7
916,High,88.0
917,High,58.0
918,Low,8.1
919,High,61.8
920,Low,36.8
921,Low,6.7
922,Low,10.6
923,High,64.6
924,Low,15.4
925,High,58.6
926,High,60.6
927,High,83.1
928,High,75.5
929,Low,10.3
930,Low,35.4
931,High,63.9
932,Low,4.3
933,Low,1.9
934,High,85.9
935,Low,9.8
936,High,81.8
937,Low,5.3
938,High,79.4
939,Low,29.9
940,Low,20.7
941,Low,5.4
942,Low,38.1
943,High,60.6
944,Low,5.7
945,High,52.8
946,High,80.8
947,Low,24.7
948,High,58.9
949,High,72.2
950,Low,1.2
951,High,74.7
952,High,72.7
953,Low,41.5
954,Low,45.1
955,High,63.5
956,High,78.4
957,Low,0.7
958,Low,47.2
959,High,57.5
960,High,65.7
961,High,66.4
962,Low,6.0
963,Low,29.3
964,Low,2.8
965,High,84.1
966,High,87.1
967,Low,45.5
968,Low,24.2
969,Low,3.1
970,High,89.6
971,High,91.8
972,High,53.5
973,Low,4.4
974,High,50.9
975,Low,4.2
976,Low,34.3
977,High,90.0
978,High,67.1
979,High,62.4
980,Low,9.9
981,Low,17.6
982,Low,1.6
983,Low,10.5
984,High,94.9
985,Low,0.4
986,High,63.8
987,High,51.0
988,High,50.2
989,Low,14.6
990,Low,1.4
991,Low,2.9
992,Low,0.4
993,Low,3.2
994,Low,1.5
995,Low,0.6
996,High,65.6
997,Low,49.2
998,High,88.2
999,Low,0.4
1000,High,67.1
1001,High,88.9
1002,High,57.1
1003,High,72.5
1004,Low,0.8
1005,Low,12.9
1006,Low,33.6
1007,High,67.1
1008,High,81.1
1009,High,76.9
1010,Low,3.8
1011,High,69.0
1012,Low,2.1
1013,High,83.1
1014,High,65.6
1015,Low,45.9
1016,Low,30.4
1017,Low,1.5
1018,Low,7.8
1019,High,66.5
1020,Low,17.2
1021,Low,32.8
1022,Low,10.1
1023,High,85.7
1024,Low,48.9
1025,High,52.0
1026,Low,32.4
1027,High,89.9
1028,Low,28.0
1029,High,64.1
1030,High,85.9
1031,Low,28.1
1032,Low,49.4
1033,High,85.1
1034,Low,0.4
1035,Low,0.8
1036,Low,1.0
1037,Low,10.5
1038,Low,44.6
1039,Low,15.4
1040,High,60.6
1041,High,77.9
1042,Low,2.4
1043,High,66.0
1044,Low,48.0
1045,Low,16.6
1046,High,73.6
1047,Low,20.8
1048,High,69.5
1049,Low,1.1
1050,High,53.6
1051,High,55.1
1052,High,50.4
1053,Low,24.6
1054,High,72.7
1055,High,68.9
1056,Low,0.9
1057,High,80.0
1058,High,82.8
1059,High,87.6
1060,High,66.5
1061,Low,1.0
1062,Low,4.9
1063,Low,25.9
1064,Low,31.6
1065,Low,18.3
1066,High,65.8
1067,Low,2.0
1068,High,64.7
1069,High,71.5
1070,Low,18.0
1071,High,81.2
1072,High,78.3
1073,Low,7.0
1074,High,91.3
1075,High,63.5
1076,Low,48.3
1077,Low,6.0
1078,High,80.0
1079,Low,4.3
1080,High,74.4
1081,Low,0.6
1082,High,72.1
1083,Low,1.2
1084,High,87.4
1085,Low,3.0
1086,High,73.1
1087,High,82.9
1088,High,67.0
1089,High,71.6
1090,High,70.9
1091,High,56.5
1092,Low,20.0
1093,Low,4.7
1094,Low,8.5
1095,Low,27.4
1096,High,90.7
1097,High,79.7
1098,Low,28.9
1099,Low,19.7
1100,Low,45.3
1101,Low,24.4
1102,Low,12.9
1103,High,66.7
1104,High,58.9
1105,Low,1.7
1106,High,73.7
1107,Low,13.1
1108,Low,0.4
1109,Low,0.8
1110,Low,31.4
1111,Low,2.4
1112,High,89.0
1113,Low,0.6
1114,High,64.6
1115,High,71.9
1116,Low,3.4
1117,Low,10.1
1118,Low,3.2
1119,High,56.9
1120,Low,2.1
1121,High,53.6
1122,Low,21.8
1123,Low,44.4
1124,Low,16.2
1125,Low,44.4
1126,High,71.9
1127,High,76.2
1128,Low,15.5
1129,Low,18.6
1130,Low,48.9
1131,Low,1.3
1132,High,51.2
1133,High,91.4
1134,Low,22.0
1135,High,57.4
1136,Low,1.6
1137,Low,0.8
1138,Low,0.4
1139,Low,39.6
1140,Low,1.0
1141,Low,3.9
1142,Low,20.2
1143,High,69.7
1144,Low,44.4
1145,High,83.2
1146,High,58.2
1147,Low,9.1
1148,Low,49.6
1149,High,88.4
1150,High,87.3
1151,Low,33.7
1152,Low,48.7
1153,Low,33.9
1154,Low,16.8
1155,Low,4.4
1156,Low,5.0
1157,Low,2.9
1158,Low,37.0
1159,Low,45.0
1160,High,81.2
1161,High,64.4
1162,High,78.2
1163,Low,15.5
1164,High,82.9
1165,Low,1.1
1166,Low,1.0
1167,High,52.9
1168,Low,11.2
1169,Low,14.5
1170,Low,16.5
1171,Low,3.9
1172,Low,38.1
1173,High,62.5
1174,High,51.8
1175,Low,18.7
1176,High,70.1
1177,High,59.9
1178,Low,2.8
1179,High,77.9
1180,High,50.2
1181,Low,2.1
1182,Low,37.5
1183,Low,27.5
1184,Low,17.7
1185,High,70.3
1186,High,77.6
1187,Low,17.2
1188,Low,11.2
1189,Low,44.4
1190,High,82.0
1191,Low,45.1
1192,Low,5.8
1193,High,81.1
1194,Low,3.0
1195,Low,40.8
1196,Low,35.5
1197,Low,1.3
1198,Low,25.5
1199,Low,1.1
1200,High,61.2
1201,Low,46.4
1202,Low,41.9
1203,Low,37.0
1204,Low,1.2
1205,Low,22.8
1206,High,91.5
1207,High,78.5
1208,Low,44.9
1209,High,94.8
1210,Low,16.2
1211,Low,41.2
1212,Low,42.3
1213,High,54.9
1214,Low,0.4
1215,High,71.1
1216,High,81.4
1217,Low,2.1
1218,Low,5.7
1219,High,67.3
1220,Low,38.8
1221,Low,35.7
1222,Low,34.2
1223,Low,2.8
1224,High,84.7
1225,High,83.7
1226,Low,44.4
1227,Low,0.8
1228,Low,25.4
1229,High,69.8
1230,Low,4.4
1231,Low,49.7
1232,Low,31.9
1233,High,64.4
1234,Low,1.4
1235,High,55.4
1236,Low,38.4
1237,High,84.1
1238,Low,0.9
1239,High,79.0
1240,High,54.4
1241,Low,10.7
1242,Low,28.9
1243,Low,36.1
1244,High,82.9
1245,Low,30.4
1246,High,66.2
1247,High,66.8
1248,Low,21.9
1249,High,80.2
1250,High,81.7
1251,Low,16.6
1252,High,94.8
1253,High,60.4
1254,High,76.9
1255,Low,4.5
1256,High,80.4
1257,Low,1.0
1258,Low,12.6
1259,Low,2.2
1260,Low,37.2
1261,High,72.9
1262,High,85.0
1263,Low,35.9
1264,Low,29.2
1265,Low,10.8
1266,Low,28.0
1267,High,84.1
1268,Low,7.1
1269,High,59.8
1270,Low,16.3
1271,Low,0.8
1272,Low,18.4
1273,Low,24.7
1274,High,50.2
1275,Low,8.1
1276,Low,7.8
1277,Low,8.6
1278,Low,1.4
1279,Low,17.6
1280,Low,5.2
1281,Low,1.6
1282,Low,1.1
1283,High,64.1
1284,Low,10.4
1285,Low,0.8
1286,High,84.7
1287,Low,30.6
1288,High,63.6
1289,Low,1.2
1290,Low,10.7
1291,Low,1.1
1292,High,74.8
1293,Low,2.2
1294,Low,21.6
1295,High,65.7
1296,Low,2.5
1297,High,61.5
1298,High,77.1
1299,Low,10.1
1300,High,54.7
1301,Low,5.5
1302,Low,2.3
1303,Low,2.2
1304,Low,0.5
1305,High,69.0
1306,Low,29.1
1307,High,65.4
1308,Low,25.5
1309,High,74.5
1310,High,69.0
1311,High,73.3
1312,Low,11.3
1313,Low,20.3
1314,High,59.2
1315,Low,26.5
1316,Low,1.6
1317,Low,28.6
1318,High,66.5
1319,Low,28.3
1320,High,60.4
1321,Low,39.6
1322,Low,17.1
1323,Low,24.4
1324,Low,0.8
1325,Low,39.0
1326,High,96.9
1327,Low,12.8
1328,Low,44.4
1329,Low,39.7
1330,Low,0.5
1331,Low,10.4
1332,High,75.0
1333,Low,0.4
1334,Low,9.2
1335,High,79.2
1336,High,69.8
1337,High,68.0
1338,Low,1.0
1339,High,72.7
1340,High,63.3
1341,Low,2.8
1342,High,70.4
1343,Low,2.1
1344,Low,15.0
1345,Low,6.9
1346,Low,47.2
1347,High,78.5
1348,Low,1.3
1349,High,75.6
1350,Low,40.7
1351,Low,2.0
1352,Low,10.6
1353,Low,4.1
1354,Low,4.5
1355,High,65.7
1356,Low,31.3
1357,High,72.5
1358,Low,42.5
1359,High,69.7
1360,High,84.7
1361,High,73.3
1362,High,84.8
1363,High,77.6
1364,Low,1.0
1365,Low,2.8
1366,High,50.3
1367,High,81.7
1368,Low,33.3
1369,Low,19.8
1370,Low,33.0
1371,Low,0.9
1372,High,93.8
1373,High,64.5
1374,High,51.8
1375,Low,2.8
1376,Low,0.8
1377,Low,47.1
1378,Low,1.1
1379,Low,13.9
1380,Low,7.2
1381,Low,38.6
1382,High,62.8
1383,Low,8.6
1384,High,68.4
1385,Low,42.0
1386,Low,19.2
1387,Low,2.2
1388,Low,0.4
1389,Low,41.3
1390,High,64.0
1391,Low,5.1
1392,High,65.3
1393,Low,1.0
1394,Low,34.5
1395,Low,35.0
1396,Low,31.4
1397,Low,50.0
1398,High,83.5
1399,High,64.3
1400,Low,0.9
1401,Low,35.6
1402,High,92.3
1403,High,52.2
1404,Low,34.4
1405,Low,1.7
1406,High,94.7
1407,Low,0.8
1408,Low,2.9
1409,Low,24.1
1410,Low,46.7
1411,High,89.0
1412,High,71.3
1413,High,67.0
1414,Low,19.1
1415,High,57.0
1416,Low,33.2
1417,Low,7.5
1418,Low,45.4
1419,Low,27.5
1420,Low,2.2
1421,High,56.4
1422,High,84.1
1423,Low,6.6
1424,High,79.3
1425,Low,4.7
1426,High,74.9
1427,Low,17.0
1428,Low,48.1
1429,High,81.4
1430,Low,3.5
1431,Low,6.5
1432,Low,27.5
1433,Low,8.5
1434,Low,42.9
1435,High,93.4
1436,Low,25.0
1437,High,87.1
1438,Low,30.7
1439,Low,9.6
1440,High,82.8
1441,Low,4.1
1442,Low,31.7
1443,Low,34.3
1444,High,64.9
1445,Low,23.2
1446,High,75.4
1447,High,68.2
1448,High,85.2
1449,Low,8.4
1450,Low,29.3
1451,Low,34.7
1452,Low,39.9
1453,Low,45.8
1454,High,63.6
1455,Low,11.6
1456,Low,22.8
1457,High,82.6
1458,Low,48.1
1459,High,69.5
1460,Low,13.0
1461,High,85.3
1462,High,69.7
1463,Low,1.0
1464,High,80.5
1465,Low,32.0
1466,High,91.5
1467,Low,40.9
1468,Low,26.2
1469,Low,18.0
1470,High,72.5
1471,Low,30.0
1472,High,66.3
1473,High,74.1
1474,High,79.1
1475,High,61.7
1476,Low,10.7
1477,Low,20.7
1478,High,57.8
1479,High,74.0
1480,Low,11.2
1481,Low,8.0
1482,Low,7.0
1483,High,74.5
1484,Low,20.9
1485,Low,8.6
1486,High,73.7
1487,High,75.3
1488,High,57.5
1489,High,78.8
1490,Low,10.3
1491,Low,15.0
1492,Low,36.5
1493,High,67.2
1494,High,73.7
1495,Low,42.6
1496,High,56.4
1497,Low,25.9
1498,High,52.9
1499,High,68.4
1500,Low,33.6
1501,Low,37.4
1502,Low,0.6
1503,Low,18.1
1504,Low,45.0
1505,High,61.3
1506,High,91.5
1507,Low,4.6
1508,Low,2.0
1509,High,62.7
1510,High,55.6
1511,Low,1.2
1512,Low,1.3
1513,High,78.6
1514,High,74.9
1515,Low,1.2
1516,Low,27.0
1517,High,63.8
1518,Low,44.2
1519,Low,17.5
1520,High,79.1
1521,Low,31.6
1522,Low,29.3
1523,Low,43.8
1524,Low,47.7
1525,Low,24.1
1526,Low,13.4
1527,High,87.6
1528,Low,0.4
1529,Low,44.4
1530,Low,11.1
1531,High,86.3
1532,Low,21.3
1533,Low,25.2
1534,High,66.0
1535,Low,0.4
1536,Low,29.3
1537,Low,3.7
1538,Low,2.8
1539,High,89.9
1540,High,69.4
1541,Low,35.4
1542,Low,0.4
1543,Low,2.2
1544,High,71.9
1545,Low,28.4
1546,Low,20.2
1547,Low,1.0
1548,Low,44.0
1549,High,63.4
1550,High,83.7
1551,High,84.1
1552,Low,3.2
1553,Low,4.7
1554,High,50.8
1555,Low,13.5
1556,High,61.4
1557,High,93.3
1558,Low,34.7
1559,High,69.7
1560,Low,21.9
1561,Low,11.5
1562,High,91.0
1563,High,70.1
1564,High,67.7
1565,High,85.9
1566,Low,47.4
1567,Low,3.9
1568,Low,36.0
1569,High,55.5
1570,Low,47.4
1571,Low,1.0
1572,High,67.2
1573,High,71.5
1574,Low,33.2
1575,Low,0.9
1576,High,57.5
1577,Low,12.7
1578,Low,46.7
1579,Low,31.1
1580,High,73.6
1581,Low,22.4
1582,High,51.8
1583,Low,17.2
1584,High,64.1
1585,Low,3.7
1586,Low,20.8
1587,Low,29.7
1588,Low,2.2
1589,Low,47.9
1590,Low,32.3
1591,Low,5.3
1592,Low,14.4
1593,High,58.2
1594,Low,19.4
1595,Low,0.8
1596,High,81.7
1597,High,62.4
1598,Low,11.9
1599,Low,0.9
1600,Low,1.2
1601,High,91.9
1602,Low,28.2
1603,High,69.4
1604,Low,49.5
1605,Low,36.8
1606,Low,1.2
1607,Low,10.1
1608,High,77.9
1609,Low,1.4
1610,Low,47.7
1611,Low,3.4
1612,Low,1.6
1613,Low,31.4
1614,Low,24.2
1615,Low,3.4
1616,Low,6.1
1617,Low,2.5
1618,Low,33.2
1619,High,66.4
1620,Low,1.5
1621,High,65.6
1622,High,63.6
1623,Low,25.6
1624,Low,19.8
1625,Low,38.0
1626,High,72.6
1627,Low,41.8
1628,High,70.7
1629,High,67.4
1630,Low,5.2
1631,High,68.7
1632,High,73.0
1633,High,53.0
1634,High,66.0
1635,Low,2.5
1636,Low,27.4
1637,Low,6.5
1638,Low,8.6
1639,Low,1.1
1640,High,53.1
1641,Low,3.5
1642,Low,0.9
1643,Low,15.2
1644,Low,49.7
1645,High,67.0
1646,High,56.6
1647,Low,15.2
1648,High,73.8
1649,Low,41.6
1650,Low,37.7
1651,High,94.8
1652,High,94.2
1653,High,50.0
1654,Low,0.7
1655,Low,12.9
1656,High,73.0
1657,Low,35.5
1658,Low,21.3
1659,High,67.0
1660,Low,4.8
1661,Low,24.2
1662,Low,25.3
1663,High,70.5
1664,High,56.1
1665,High,71.1
1666,High,74.1
1667,Low,0.8
1668,Low,6.1
1669,High,50.3
1670,High,75.1
1671,High,64.5
1672,Low,28.8
1673,Low,4.8
1674,High,79.9
1675,Low,4.7
1676,High,64.6
1677,High,82.9
1678,Low,0.9
1679,Low,29.8
1680,Low,44.8
1681,Low,6.0
1682,Low,0.9
1683,Low,0.8
1684,Low,0.8
1685,Low,26.2
1686,Low,49.7
1687,Low,36.1
1688,Low,6.0
1689,Low,1.0
1690,Low,34.2
1691,Low,38.8
1692,Low,1.5
1693,Low,10.8
1694,Low,1.6
1695,High,81.8
1696,Low,20.6
1697,High,82.9
1698,Low,4.4
1699,Low,0.8
1700,Low,8.7
1701,Low,1.3
1702,Low,42.4
1703,High,75.6
1704,High,52.3
1705,High,91.6
1706,Low,36.7
1707,Low,9.1
1708,High,79.6
1709,High,82.1
1710,Low,3.8
1711,High,81.8
1712,Low,0.4
1713,Low,12.4
1714,Low,22.5
1715,Low,17.7
1716,Low,2.2
1717,Low,36.1
1718,Low,0.5
1719,Low,1.4
1720,Low,42.8
1721,High,86.9
1722,High,75.9
1723,Low,18.6
1724,Low,1.3
1725,High,85.2
1726,High,67.4
1727,Low,28.6
1728,High,52.3
1729,Low,2.2
1730,Low,22.1
1731,High,74.4
1732,High,96.9
1733,Low,40.1
1734,Low,30.6
1735,High,54.6
1736,Low,2.9
1737,High,54.1
1738,High,52.8
1739,Low,15.6
1740,High,90.0
1741,Low,8.1
1742,High,65.3
1743,High,88.6
1744,Low,1.0
1745,Low,47.1
1746,Low,1.0
1747,Low,5.5
1748,High,82.9
1749,Low,2.4
1750,Low,23.7
1751,Low,2.6
1752,High,82.1
1753,Low,10.2
1754,Low,9.1
1755,Low,14.7
1756,Low,42.3
1757,Low,21.2
1758,Low,2.2
1759,Low,0.4
1760,Low,19.2
1761,Low,18.1
1762,Low,0.4
1763,High,56.5
1764,High,76.3
1765,Low,4.4
1766,High,54.4
1767,Low,4.0
1768,Low,2.9
1769,Low,15.1
1770,Low,31.1
1771,High,78.4
1772,High,80.9
1773,High,84.8
1774,Low,5.3
1775,High,62.9
1776,Low,32.5
1777,Low,0.9
1778,Low,32.1
1779,Low,0.8
1780,High,85.3
1781,Low,25.2
1782,High,55.8
1783,Low,27.6
1784,High,82.7
1785,Low,37.1
1786,Low,0.6
1787,High,63.2
1788,Low,47.1
1789,Low,1.6
1790,Low,38.2
1791,High,70.1
1792,Low,26.9
1793,Low,29.2
1794,Low,0.8
1795,Low,0.6
1796,High,67.2
1797,High,53.7
1798,Low,0.9
1799,Low,9.3
1800,High,89.1
1801,High,66.0
1802,Low,39.6
1803,Low,2.5
1804,Low,2.8
1805,Low,8.3
1806,Low,4.2
1807,Low,4.4
1808,High,94.7
1809,High,62.7
1810,High,68.3
1811,Low,19.4
1812,High,62.0
1813,Low,31.1
1814,High,75.0
1815,Low,0.5
1816,Low,0.4
1817,Low,26.1
1818,Low,14.9
1819,Low,43.9
1820,Low,3.5
1821,High,50.9
1822,High,68.6
1823,High,67.0
1824,High,63.4
1825,Low,0.4
1826,Low,28.9
1827,Low,31.5
1828,Low,43.2
1829,Low,10.5
1830,High,73.2
1831,Low,1.9
1832,Low,32.1
1833,Low,47.5
1834,High,63.5
1835,High,81.7
1836,High,80.5
1837,High,74.0
1838,High,67.2
1839,Low,35.1
1840,Low,2.2
1841,Low,40.2
1842,Low,6.7
1843,High,53.1
1844,Low,0.5
1845,Low,12.9
1846,Low,13.8
1847,Low,0.8
1848,Low,3.6
1849,Low,1.4
1850,High,50.9
1851,Low,17.9
1852,High,84.1
1853,High,79.2
1854,High,81.2
1855,High,80.4
1856,Low,1.1
1857,High,52.4
1858,Low,2.3
1859,High,60.2
1860,High,58.9
1861,Low,0.5
1862,High,83.9
1863,Low,41.2
1864,Low,7.4
1865,Low,15.0
1866,Low,30.5
1867,Low,31.8
1868,High,82.5
1869,High,60.4
1870,Low,0.4
1871,High,81.3
1872,High,57.9
1873,Low,1.6
1874,Low,4.8
1875,Low,2.7
1876,Low,3.9
1877,Low,28.3
1878,Low,0.8
1879,Low,18.1
1880,High,84.9
1881,High,88.5
1882,Low,45.3
1883,Low,30.5
1884,High,65.9
1885,Low,10.5
1886,Low,49.5
1887,Low,2.3
1888,High,68.3
1889,Low,10.8
1890,High,50.8
1891,High,72.5
1892,High,81.7
1893,High,61.2
1894,Low,42.9
1895,Low,37.0
1896,Low,1.2
1897,Low,44.9
1898,Low,27.9
1899,High,79.1
1900,High,64.9
1901,Low,1.2
1902,Low,5.3
1903,Low,0.8
1904,High,80.7
1905,Low,48.7
1906,Low,8.4
1907,Low,7.7
1908,High,72.7
1909,Low,0.4
1910,Low,4.9
1911,High,63.7
1912,Low,28.3
1913,Low,5.5
1914,Low,35.9
1915,Low,38.2
1916,Low,31.4
1917,High,55.2
1918,Low,0.8
1919,Low,33.0
1920,High,80.0
1921,Low,7.1
1922,Low,1.0
1923,Low,34.0
1924,Low,1.4
1925,High,65.2
1926,Low,2.8
1927,High,72.5
1928,High,66.4
1929,Low,38.9
1930,High,86.8
1931,Low,29.6
1932,Low,49.8
1933,High,73.8
1934,Low,1.0
1935,High,83.4
1936,Low,3.3
1937,Low,24.6
1938,Low,0.5
1939,High,68.2
1940,High,64.0
1941,Low,15.2
1942,High,62.4
1943,Low,2.1
1944,High,64.4
1945,High,55.0
1946,Low,0.4
1947,Low,37.1
1948,Low,17.6
1949,High,87.3
1950,Low,14.0
1951,Low,39.7
1952,Low,41.8
1953,High,66.9
1954,High,85.7
1955,High,76.1
1956,High,53.9
1957,Low,8.6
1958,Low,37.7
1959,High,63.8
1960,High,63.1
1961,High,58.8
1962,Low,29.1
1963,Low,29.7
1964,High,70.7
1965,Low,15.4
1966,Low,38.9
1967,Low,31.5
1968,Low,29.2
1969,Low,34.3
1970,Low,4.0
1971,High,80.3
1972,Low,1.1
1973,High,63.9
1974,Low,1.2
1975,High,73.8
1976,Low,0.7
1977,High,93.3
1978,High,63.9
1979,Low,3.5
1980,Low,0.8
1981,High,80.7
1982,High,58.4
1983,Low,21.2
1984,Low,20.0
1985,High,79.4
1986,High,54.5
1987,Low,0.6
1988,High,66.7
1989,High,55.3
1990,Low,2.7
1991,High,70.8
1992,Low,19.3
1993,High,68.5
1994,High,84.1
1995,Low,1.0
1996,High,89.9
1997,Low,4.5
1998,Low,9.7
1999,High,71.0
2000,High,60.5
2001,High,72.6
2002,Low,23.6
2003,Low,6.4
2004,Low,42.5
2005,High,66.8
2006,Low,44.4
2007,High,71.4
2008,High,86.9
2009,High,86.0
2010,Low,2.8
2011,High,81.4
2012,Low,43.7
2013,High,74.2
2014,Low,1.0
2015,Low,37.8
2016,Low,29.2
2017,High,82.2
2018,Low,1.1
2019,High,82.9
2020,Low,40.7
2021,Low,18.9
2022,Low,31.8
2023,High,68.5
2024,High,82.3
2025,Low,26.6
2026,Low,2.4
2027,Low,20.7
2028,Low,6.5
2029,Low,0.8
2030,Low,15.1
2031,High,53.1
2032,Low,49.1
2033,High,71.1
2034,High,73.8
2035,Low,33.3
2036,Low,33.4
2037,High,86.9
2038,High,87.1
2039,High,67.7
2040,High,63.3
2041,Low,0.6
2042,Low,0.5
2043,Low,27.7
2044,Low,45.9
2045,Low,4.9
2046,Low,21.0
2047,High,68.5
2048,High,82.5
2049,High,70.7
2050,Low,27.3
2051,Low,3.2
2052,Low,0.5
2053,High,63.4
2054,High,56.1
2055,High,70.4
2056,Low,44.2
2057,High,50.4
2058,High,62.9
2059,Low,0.9
2060,Low,46.0
2061,Low,0.6
2062,Low,49.2
2063,Low,4.9
2064,Low,17.6
2065,Low,0.9
2066,High,62.3
2067,Low,1.0
2068,Low,26.5
2069,High,71.3
2070,High,89.5
2071,Low,40.9
2072,Low,32.0
2073,Low,1.5
2074,Low,21.8
2075,High,72.1
2076,High,57.8
2077,Low,20.4
2078,High,85.5
2079,Low,19.1
2080,Low,42.0
2081,Low,0.8
2082,High,58.7
2083,Low,20.7
2084,High,72.7
2085,High,96.6
2086,High,60.6
2087,High,65.9
2088,High,65.9
2089,Low,9.9
2090,Low,1.5
2091,Low,27.9
2092,Low,1.2
2093,Low,2.6
2094,Low,31.6
2095,Low,21.9
2096,High,94.7
2097,High,55.2
2098,High,82.1
2099,High,82.6
2100,High,55.3
2101,Low,20.9
2102,Low,44.5
2103,High,61.6
2104,High,68.6
2105,High,85.0
2106,High,82.4
2107,Low,25.2
2108,High,57.2
2109,Low,47.4
2110,Low,2.8
2111,Low,30.2
2112,Low,3.5
2113,Low,14.3
2114,Low,29.2
2115,Low,34.7
2116,Low,4.8
2117,High,77.8
2118,Low,4.8
2119,High,61.3
2120,Low,2.9
2121,Low,0.9
2122,Low,35.0
2123,Low,27.7
2124,High,62.1
2125,Low,47.5
2126,Low,4.5
2127,High,75.9
2128,Low,27.1
2129,High,51.4
2130,High,91.7
2131,Low,35.9
2132,Low,2.2
2133,Low,1.0
2134,High,87.8
2135,High,72.7
2136,Low,41.9
2137,High,69.6
2138,Low,2.6
2139,Low,3.5
2140,Low,28.7
2141,High,66.8
2142,Low,19.0
2143,Low,13.6
2144,Low,3.9
2145,High,69.4
2146,High,73.4
2147,Low,27.8
2148,Low,22.5
2149,Low,32.6
2150,Low,39.8
2151,High,66.0
2152,Low,0.4
2153,High,67.5
2154,High,54.8
2155,Low,3.6
2156,High,68.0
2157,High,86.2
2158,High,55.5
2159,Low,3.1
2160,Low,4.6
2161,Low,0.8
2162,High,86.7
2163,High,71.9
2164,High,76.6
2165,Low,8.5
2166,Low,2.6
2167,Low,24.8
2168,High,79.5
2169,High,75.9
2170,Low,2.4
2171,Low,13.1
2172,High,54.6
2173,High,68.6
2174,High,84.0
2175,Low,7.1
2176,High,68.2
2177,Low,1.3
2178,Low,10.9
2179,Low,1.0
2180,Low,4.4
2181,Low,13.2
2182,Low,20.6
2183,Low,15.2
2184,High,65.2
2185,High,87.9
2186,Low,33.9
2187,Low,0.8
2188,Low,3.8
2189,High,53.0
2190,Low,0.4
2191,Low,0.8
2192,High,92.7
2193,Low,4.9
2194,Low,6.0
2195,High,94.8
2196,Low,9.9
2197,Low,13.5
2198,Low,18.9
2199,Low,17.1
2200,Low,3.7
2201,Low,17.6
2202,Low,29.9
2203,High,74.4
2204,Low,20.1
2205,Low,46.7
2206,Low,41.6
2207,Low,45.6
2208,High,83.6
2209,High,92.3
2210,Low,28.4
2211,Low,10.3
2212,Low,43.8
2213,Low,1.0
2214,Low,1.3
2215,High,80.2
2216,Low,3.0
2217,Low,25.3
2218,Low,0.7
2219,Low,0.8
2220,High,66.8
2221,Low,2.7
2222,Low,8.4
2223,High,70.6
2224,High,67.8
2225,High,65.0
2226,Low,8.2
2227,Low,6.8
2228,Low,2.6
2229,Low,11.8
2230,High,79.3
2231,Low,2.4
2232,High,69.5
2233,Low,1.5
2234,Low,27.7
2235,Low,3.2
2236,Low,24.8
2237,High,73.6
2238,Low,11.3
2239,High,79.6
2240,Low,3.1
2241,Low,1.0
2242,Low,1.2
2243,Low,8.7
2244,High,50.5
2245,Low,27.6
2246,Low,10.3
2247,High,92.0
2248,Low,1.6
2249,Low,33.0
2250,High,70.0
2251,Low,2.0
2252,Low,46.2
2253,Low,2.9
2254,Low,4.0
2255,Low,1.4
2256,High,75.2
2257,Low,19.9
2258,Low,17.2
2259,Low,17.8
2260,Low,0.9
2261,High,83.0
2262,Low,37.6
2263,High,85.6
2264,High,91.7
2265,Low,23.9
2266,High,73.6
2267,High,50.5
2268,Low,4.7
2269,Low,1.1
2270,High,89.3
2271,High,83.5
2272,Low,47.8
2273,High,64.4
2274,Low,1.1
2275,High,81.7
2276,High,91.5
2277,High,71.3
2278,Low,46.5
2279,Low,46.3
2280,Low,0.9
2281,High,88.3
2282,Low,49.4
2283,High,69.3
2284,High,84.9
2285,High,66.4
2286,Low,49.2
2287,Low,28.8
2288,Low,29.8
2289,High,84.6
2290,Low,28.3
2291,Low,49.3
2292,High,86.6
2293,Low,2.1
2294,Low,0.9
2295,High,81.2
2296,High,75.0
2297,High,79.3
2298,High,55.7
2299,Low,3.5
2300,Low,9.2
2301,High,53.7
2302,High,80.0
2303,Low,1.5
2304,High,74.0
2305,Low,19.5
2306,High,69.1
2307,High,74.3
2308,Low,16.2
2309,Low,24.2
2310,Low,2.1
2311,Low,3.0
2312,High,65.8
2313,Low,1.2
2314,Low,45.3
2315,Low,1.4
2316,Low,28.5
2317,Low,17.3
2318,Low,3.5
2319,Low,8.5
2320,High,75.6
2321,Low,1.4
2322,Low,37.4
2323,Low,1.6
2324,High,74.3
2325,High,73.8
2326,Low,20.9
2327,Low,35.2
2328,High,61.6
2329,High,68.1
2330,Low,29.4
2331,Low,27.9
2332,Low,9.3
2333,Low,25.5
2334,Low,18.6
2335,High,70.9
2336,Low,41.9
2337,High,64.5
2338,High,58.5
2339,Low,0.8
2340,High,67.7
2341,Low,12.1
2342,Low,10.5
2343,High,68.2
2344,High,72.2
2345,Low,5.7
2346,Low,19.2
2347,Low,12.5
2348,Low,7.7
2349,Low,49.2
2350,Low,1.0
2351,High,84.3
2352,Low,2.2
2353,Low,30.1
2354,High,80.4
2355,Low,0.5
2356,Low,12.6
2357,Low,35.3
2358,Low,16.9
2359,Low,2.6
2360,High,53.2
2361,Low,0.8
2362,High,83.9
2363,Low,35.2
2364,High,76.9
2365,High,71.7
2366,High,66.8
2367,High,87.8
2368,High,94.8
2369,Low,2.4
2370,Low,15.7
2371,Low,14.1
2372,High,67.1
2373,Low,0.6
2374,Low,16.1
2375,Low,20.9
2376,Low,6.3
2377,Low,20.1
2378,Low,43.4
2379,High,54.3
2380,High,69.9
2381,High,51.6
2382,Low,1.0
2383,Low,9.4
2384,Low,22.6
2385,High,50.7
2386,High,65.4
2387,Low,42.9
2388,High,81.5
2389,High,57.6
2390,Low,22.9
2391,Low,4.2
2392,Low,33.7
2393,High,66.8
2394,High,59.9
2395,Low,24.0
2396,Low,25.2
2397,Low,35.8
2398,High,93.1
2399,High,70.0
2400,Low,41.1
2401,High,80.8
2402,Low,36.2
2403,Low,34.4
2404,Low,22.2
2405,Low,30.0
2406,High,85.7
2407,High,87.7
2408,High,79.2
2409,Low,1.7
2410,Low,14.6
2411,High,52.3
2412,Low,2.2
2413,Low,8.3
2414,Low,2.2
2415,Low,2.3
2416,High,55.8
2417,Low,34.8
2418,Low,42.7
2419,High,65.5
2420,Low,15.0
2421,High,68.9
2422,Low,42.9
2423,High,84.9
2424,Low,1.2
2425,Low,46.8
2426,Low,9.0
2427,High,52.5
2428,High,82.0
2429,High,72.7
2430,Low,19.5
2431,Low,5.1
2432,High,76.5
2433,Low,13.8
2434,Low,18.6
2435,Low,35.7
2436,Low,37.0
2437,High,50.4
2438,Low,31.3
2439,High,89.0
2440,Low,1.7
2441,Low,27.6
2442,High,84.9
2443,High,84.8
2444,Low,6.7
2445,High,76.9
2446,High,58.1
2447,High,72.3
2448,High,74.5
2449,High,80.0
2450,Low,35.5
2451,Low,4.8
2452,High,51.4
2453,High,72.5
2454,High,81.7
2455,Low,0.8
2456,High,85.8
2457,Low,4.8
2458,Low,16.0
2459,Low,29.2
2460,Low,14.8
2461,Low,1.6
2462,Low,2.8
2463,High,88.8
2464,High,83.8
2465,High,94.9
2466,High,83.4
2467,Low,0.7
2468,Low,31.6
2469,High,69.7
2470,Low,1.0
2471,Low,0.7
2472,High,63.2
2473,Low,5.2
2474,Low,37.0
2475,High,66.3
2476,Low,22.1
2477,Low,1.1
2478,High,82.5
2479,High,68.9
2480,Low,2.9
2481,Low,45.8
2482,Low,1.2
2483,High,72.6
2484,High,74.3
2485,Low,11.5
2486,High,73.9
2487,Low,34.1
2488,Low,32.5
2489,Low,33.6
2490,Low,23.1
2491,Low,10.4
2492,Low,10.2
2493,Low,43.3
2494,High,79.7
2495,High,60.2
2496,Low,2.9
2497,Low,0.6
2498,Low,27.2
2499,Low,30.4
2500,Low,32.1
2501,Low,17.1
2502,Low,0.4
2503,Low,7.5
2504,Low,12.9
2505,High,85.5
2506,Low,1.2
2507,Low,0.4
2508,Low,2.6
2509,Low,21.7
2510,Low,0.7
2511,High,88.0
2512,Low,27.6
2513,Low,20.0
2514,Low,21.2
2515,High,65.0
2516,Low,16.4
2517,High,76.8
2518,High,97.0
2519,High,78.0
2520,High,87.8
2521,Low,4.6
2522,High,64.4
2523,Low,19.1
2524,Low,1.6
2525,Low,0.4
2526,Low,10.3
2527,Low,44.3
2528,High,81.6
2529,High,77.1
2530,Low,31.3
2531,High,85.1
2532,Low,0.4
2533,Low,41.4
2534,Low,4.2
2535,Low,26.6
2536,Low,1.0
2537,Low,28.6
2538,Low,3.8
2539,Low,5.2
2540,Low,0.8
2541,Low,14.3
2542,Low,6.9
2543,Low,36.3
2544,High,89.8
2545,Low,29.4
2546,Low,14.9
2547,High,53.7
2548,Low,1.6
2549,High,63.7
2550,Low,27.3
2551,Low,1.7
2552,Low,28.5
2553,Low,7.5
2554,Low,14.3
2555,Low,44.1
2556,Low,29.2
2557,High,55.7
2558,High,67.3
2559,Low,1.2
2560,Low,1.6
2561,High,55.1
2562,Low,8.7
2563,Low,3.0
2564,High,77.5
2565,Low,33.2
2566,Low,3.3
2567,Low,0.6
2568,High,50.5
2569,Low,1.5
2570,Low,0.8
2571,High,64.2
2572,Low,10.4
2573,Low,0.9
2574,High,78.0
2575,High,58.4
2576,Low,19.6
2577,Low,27.8
2578,High,94.6
2579,High,75.9
2580,Low,1.2
2581,High,72.1
2582,Low,24.9
2583,High,76.4
2584,Low,3.0
2585,Low,18.1
2586,Low,0.8
2587,Low,22.2
2588,Low,1.0
2589,Low,42.8
2590,High,82.7
2591,High,63.6
2592,High,57.7
2593,Low,27.1
2594,Low,0.8
2595,Low,30.6
2596,Low,1.4
2597,Low,10.5
2598,Low,39.4
2599,High,73.2
2600,Low,5.4
2601,High,85.7
2602,Low,9.7
2603,Low,33.2
2604,Low,1.6
2605,High,69.8
2606,Low,0.7
2607,High,69.6
2608,High,96.6
2609,High,68.9
2610,High,50.7
2611,Low,50.0
2612,High,72.5
2613,High,72.4
2614,High,94.7
2615,Low,41.2
2616,Low,1.3
2617,High,67.3
2618,High,67.6
2619,Low,1.0
2620,High,66.8
2621,Low,28.6
2622,Low,3.1
2623,Low,10.1
2624,High,85.6
2625,Low,33.6
2626,Low,32.5
2627,Low,15.3
2628,Low,2.6
2629,High,92.1
2630,High,79.2
2631,Low,1.8
2632,High,91.4
2633,Low,2.1
2634,Low,21.4
2635,High,95.0
2636,Low,0.9
2637,Low,6.0
2638,Low,1.6
2639,Low,47.0
2640,Low,46.2
2641,High,63.2
2642,Low,44.2
2643,High,59.1
2644,High,68.1
2645,High,51.9
2646,Low,48.3
2647,Low,2.9
2648,Low,19.5
2649,Low,32.9
2650,Low,1.1
2651,High,66.7
2652,High,66.8
2653,High,58.0
2654,Low,3.7
2655,High,89.7
2656,High,85.5
2657,Low,17.9
2658,Low,28.1
2659,Low,0.6
2660,Low,2.3
2661,Low,39.6
2662,Low,3.2
2663,High,75.8
2664,High,54.0
2665,Low,31.7
2666,Low,26.8
2667,Low,4.4
2668,Low,1.6
2669,High,50.2
2670,High,68.6
2671,Low,30.6
2672,Low,42.3
2673,Low,1.0
2674,High,78.2
2675,Low,18.4
2676,Low,1.1
2677,Low,2.3
2678,High,78.8
2679,Low,0.9
2680,High,82.0
2681,Low,0.8
2682,Low,1.4
2683,High,71.9
2684,High,77.0
2685,Low,20.2
2686,Low,8.8
2687,High,66.4
2688,High,66.7
2689,High,79.3
2690,Low,2.4
2691,High,78.5
2692,Low,19.3
2693,Low,42.6
2694,Low,1.3
2695,Low,33.2
2696,Low,15.4
2697,Low,2.8
2698,Low,0.8
2699,Low,33.9
2700,High,70.1
2701,Low,20.4
2702,Low,2.5
2703,High,60.4
2704,High,67.5
2705,Low,18.3
2706,Low,0.7
2707,High,84.5
2708,High,91.1
2709,High,82.1
2710,Low,44.7
2711,Low,4.8
2712,Low,35.9
2713,High,53.9
2714,Low,35.0
2715,Low,27.7
2716,Low,23.8
2717,High,51.1
2718,Low,1.4
2719,Low,3.8
2720,Low,3.4
2721,Low,40.6
2722,High,74.3
2723,Low,1.3
2724,Low,9.3
2725,Low,2.8
2726,High,69.0
2727,Low,0.9
2728,High,88.0
2729,Low,13.9
2730,High,88.1
2731,Low,43.3
2732,Low,26.8
2733,Low,16.2
2734,High,57.2
2735,Low,23.8
2736,Low,37.6
2737,Low,33.5
2738,Low,40.2
2739,Low,3.6
2740,High,50.3
2741,High,76.9
2742,High,85.7
2743,Low,2.3
2744,Low,21.0
2745,Low,9.7
2746,High,94.8
2747,Low,3.5
2748,Low,32.7
2749,High,66.3
2750,Low,26.2
2751,Low,4.4
2752,Low,20.4
2753,High,53.7
2754,High,81.2
2755,High,68.3
2756,Low,22.1
2757,High,70.5
2758,Low,23.6
2759,Low,23.4
2760,High,53.6
2761,Low,3.8
2762,High,60.4
2763,Low,9.8
2764,Low,34.2
2765,Low,30.9
2766,High,64.8
2767,Low,28.7
2768,High,55.8
2769,Low,1.3
2770,Low,32.9
2771,High,69.1
2772,Low,39.6
2773,Low,5.5
2774,Low,33.8
2775,High,62.9
2776,Low,30.6
2777,High,72.5
2778,Low,25.2
2779,Low,32.1
2780,High,83.7
2781,Low,28.5
2782,High,65.1
2783,Low,2.7
2784,High,52.6
2785,High,91.9
2786,Low,18.0
2787,Low,11.0
2788,Low,0.7
2789,Low,21.5
2790,High,63.1
2791,High,54.1
2792,Low,3.0
2793,Low,47.0
2794,High,82.4
2795,Low,37.7
2796,High,76.1
2797,Low,33.0
2798,High,90.9
2799,High,86.6
2800,Low,2.7
2801,Low,9.0
2802,Low,37.9
2803,High,66.6
2804,Low,1.6
2805,Low,29.8
2806,Low,2.8
2807,Low,2.3
2808,Low,6.2
2809,High,77.2
2810,Low,39.5
2811,Low,34.0
2812,Low,4.5
2813,Low,47.9
2814,Low,0.8
2815,Low,4.1
2816,High,83.3
2817,Low,5.4
2818,Low,1.1
2819,High,69.2
2820,High,54.5
2821,Low,7.6
2822,High,91.3
2823,High,57.2
2824,Low,1.1
2825,Low,2.0
2826,Low,24.1
2827,Low,19.0
2828,High,64.5
2829,Low,0.8
2830,High,58.5
2831,Low,2.1
2832,High,93.1
2833,Low,29.0
2834,Low,2.3
2835,Low,3.0
2836,Low,11.1
2837,High,56.6
2838,High,71.4
2839,Low,0.8
2840,Low,2.1
2841,High,64.4
2842,High,59.7
2843,High,68.8
2844,Low,1.7
2845,High,91.2
2846,High,78.4
2847,High,56.8
2848,High,60.6
2849,Low,10.1
2850,Low,13.1
2851,Low,41.2
2852,Low,0.9
2853,Low,1.5
2854,Low,14.9
2855,Low,21.7
2856,Low,5.6
2857,High,64.5
2858,Low,4.4
2859,Low,12.1
2860,Low,0.8
2861,High,64.8
2862,High,92.6
2863,High,60.7
2864,High,75.8
2865,Low,43.0
2866,Low,32.5
2867,High,77.1
2868,Low,3.8
2869,High,61.3
2870,High,86.5
2871,Low,37.8
2872,High,77.7
2873,Low,2.2
2874,High,67.9
2875,Low,1.2
2876,High,66.4
2877,Low,3.7
2878,Low,42.5
2879,High,63.9
2880,High,60.4
2881,High,69.0
2882,Low,15.2
2883,Low,39.9
2884,Low,0.8
2885,Low,1.3
2886,Low,14.5
2887,Low,49.4
2888,High,81.7
2889,High,88.7
2890,Low,15.3
2891,High,51.8
2892,High,94.9
2893,Low,35.0
2894,Low,45.3
2895,Low,32.1
2896,Low,1.8
2897,Low,2.1
2898,Low,2.4
2899,Low,4.2
2900,Low,7.3
2901,High,96.9
2902,Low,10.3
2903,High,77.7
2904,High,52.7
2905,High,56.8
2906,Low,19.9
2907,High,66.1
2908,High,64.8
2909,High,76.9
2910,Low,20.5
2911,Low,3.4
2912,High,87.4
2913,High,62.3
2914,Low,2.3
2915,Low,16.1
2916,Low,4.2
2917,Low,48.1
2918,Low,0.8
2919,Low,42.3
2920,Low,3.7
2921,Low,0.8
2922,High,86.5
2923,High,66.6
2924,Low,44.5
2925,High,74.6
2926,Low,42.3
2927,Low,1.6
2928,High,90.0
2929,Low,10.3
2930,Low,9.9
2931,Low,2.6
2932,High,65.8
2933,Low,29.0
2934,Low,0.4
2935,Low,31.1
2936,Low,1.0
2937,High,69.4
2938,Low,16.4
2939,Low,29.8
2940,High,80.5
2941,Low,46.7
2942,Low,10.4
2943,Low,0.8
2944,Low,10.4
2945,Low,36.4
2946,High,71.4
2947,High,50.8
2948,High,50.3
2949,High,74.6
2950,Low,23.2
2951,Low,23.7
2952,Low,13.7
2953,Low,11.6
2954,High,77.2
2955,High,75.1
2956,High,87.2
2957,High,59.9
2958,High,83.7
2959,Low,36.5
2960,High,74.2
2961,High,74.9
2962,Low,38.4
2963,High,73.3
2964,Low,10.6
2965,Low,9.9
2966,High,53.8
2967,Low,47.8
2968,Low,25.1
2969,High,78.6
2970,Low,29.8
2971,High,78.7
2972,Low,2.1
2973,Low,3.8
2974,High,63.7
2975,High,69.6
2976,Low,43.6
2977,Low,30.7
2978,High,54.1
2979,High,63.0
2980,Low,17.6
2981,Low,0.7
2982,Low,0.4
2983,Low,7.5
2984,Low,0.9
2985,Low,9.9
2986,Low,20.3
2987,Low,2.4
2988,Low,0.6
2989,Low,6.6
2990,Low,26.1
2991,High,70.3
2992,High,50.1
2993,High,50.8
2994,Low,5.4
2995,Low,2.3
2996,High,73.7
2997,Low,36.8
2998,Low,39.3
2999,High,80.5
3000,Low,7.0
3001,High,82.4
3002,Low,14.2
3003,Low,20.0
3004,High,63.5
3005,High,91.9
3006,Low,8.6
3007,High,70.4
3008,High,60.3
3009,Low,2.2
3010,High,73.5
3011,High,54.8
3012,Low,2.2
3013,Low,2.8
3014,Low,20.0
3015,Low,49.3
3016,Low,2.3
3017,High,50.9
3018,Low,16.5
3019,Low,1.0
3020,Low,45.0
3021,Low,9.3
3022,Low,25.5
3023,Low,20.2
3024,Low,0.8
3025,Low,13.7
3026,Low,0.8
3027,High,72.2
3028,Low,17.3
3029,High,72.1
3030,Low,26.6
3031,High,94.8
3032,Low,47.4
3033,Low,1.3
3034,Low,22.1
3035,High,92.8
3036,Low,37.1
3037,Low,13.8
3038,Low,2.9
3039,Low,25.3
3040,Low,4.1
3041,Low,37.2
3042,High,65.0
3043,High,50.2
3044,High,76.2
3045,High,83.1
3046,Low,23.5
3047,High,56.8
3048,High,67.4
3049,High,67.5
3050,High,51.5
3051,High,84.7
3052,Low,0.6
3053,Low,38.8
3054,Low,10.0
3055,Low,29.8
3056,High,51.3
3057,Low,3.1
3058,Low,1.0
3059,Low,19.8
3060,Low,0.4
3061,Low,10.8
3062,High,74.3
3063,High,51.4
3064,High,74.6
3065,Low,35.7
3066,High,82.1
3067,High,70.6
3068,High,84.2
3069,Low,32.6
3070,Low,14.4
3071,Low,49.3
3072,Low,2.4
3073,Low,16.7
3074,Low,8.3
3075,Low,40.3
3076,Low,20.2
3077,Low,34.1
3078,Low,3.7
3079,High,87.7
3080,High,66.3
3081,High,63.3
3082,High,84.4
3083,Low,26.7
3084,Low,5.7
3085,Low,4.8
3086,High,86.5
3087,High,68.2
3088,High,82.7
3089,Low,2.2
3090,Low,2.1
3091,High,80.7
3092,Low,3.5
3093,High,79.5
3094,Low,10.0
3095,Low,13.4
3096,High,78.4
3097,Low,2.0
3098,Low,16.9
3099,High,64.2
3100,Low,11.6
3101,Low,47.5
3102,High,50.5
3103,Low,48.0
3104,High,60.4
3105,High,74.8
3106,Low,37.9
3107,Low,2.6
3108,Low,2.5
3109,Low,46.9
3110,Low,0.9
3111,Low,41.8
3112,Low,20.4
3113,Low,8.8
3114,High,54.2
3115,High,76.7
3116,High,82.4
3117,Low,22.7
3118,Low,28.4
3119,Low,1.6
3120,High,65.6
3121,Low,0.9
3122,Low,45.8
3123,Low,2.5
3124,High,51.3
3125,Low,1.8
3126,Low,20.0
3127,High,55.8
3128,High,56.7
3129,Low,22.8
3130,Low,27.5
3131,Low,25.2
3132,Low,3.0
3133,High,86.9
3134,Low,12.3
3135,Low,20.8
3136,High,74.8
3137,High,65.8
3138,Low,44.5
3139,High,82.9
3140,High,76.6
3141,High,67.9
3142,High,90.2
3143,Low,48.3
3144,High,69.7
3145,Low,26.6
3146,High,84.6
3147,High,92.1
3148,High,73.9
3149,Low,49.6
3150,Low,29.7
3151,Low,24.1
3152,High,67.8
3153,Low,34.6
3154,Low,40.7
3155,High,79.3
3156,Low,1.3
3157,Low,15.8
3158,High,54.1
3159,Low,47.0
3160,High,85.9
3161,Low,3.2
3162,Low,0.9
3163,Low,35.2
3164,Low,49.6
3165,High,69.1
3166,Low,2.6
3167,Low,48.5
3168,Low,6.1
3169,Low,2.4
3170,Low,17.8
3171,Low,34.7
3172,Low,1.5
3173,High,69.3
3174,Low,0.9
3175,Low,15.3
3176,High,63.7
3177,Low,2.2
3178,Low,3.2
3179,High,58.7
3180,Low,0.9
3181,Low,29.4
3182,Low,2.3
3183,Low,17.5
3184,High,77.2
3185,Low,1.1
3186,High,78.3
3187,Low,1.0
3188,High,58.4
3189,Low,44.1
3190,Low,23.7
3191,Low,5.1
3192,Low,31.0
3193,Low,3.9
3194,Low,2.3
3195,High,53.1
3196,High,78.8
3197,Low,3.5
3198,Low,18.9
3199,Low,47.2
3200,Low,0.7
3201,High,68.3
3202,Low,2.9
3203,High,60.4
3204,Low,1.2
3205,Low,9.8
3206,Low,3.8
3207,Low,24.6
3208,Low,27.5
3209,Low,22.0
3210,High,93.9
3211,Low,11.8
3212,Low,1.8
3213,High,55.3
3214,Low,8.4
3215,Low,18.8
3216,High,52.6
3217,High,81.4
3218,Low,17.3
3219,Low,22.7
3220,Low,9.7
3221,Low,3.1
3222,High,62.4
3223,High,66.2
3224,High,66.5
3225,High,76.6
3226,High,69.9
3227,Low,15.1
3228,Low,37.7
3229,High,53.4
3230,High,84.6
3231,Low,1.2
3232,High,68.2
3233,Low,11.4
3234,High,65.1
3235,Low,0.8
3236,Low,15.3
3237,Low,44.5
3238,Low,0.8
3239,Low,0.9
3240,Low,44.3
3241,High,58.6
3242,High,76.0
3243,Low,0.9
3244,High,58.2
3245,Low,35.7
3246,High,65.2
3247,High,72.3
3248,Low,4.7
3249,High,82.2
3250,Low,36.4
3251,Low,3.5
3252,High,67.9
3253,Low,16.7
3254,High,69.4
3255,High,74.4
3256,Low,33.4
3257,Low,21.0
3258,High,60.9
3259,High,67.9
3260,High,73.8
3261,High,63.9
3262,Low,1.3
3263,High,58.7
3264,High,50.7
3265,High,79.9
3266,High,55.3
3267,Low,0.4
3268,Low,2.9
3269,Low,21.4
3270,Low,7.9
3271,High,90.8
3272,High,88.5
3273,High,92.5
3274,Low,49.0
3275,High,67.8
3276,Low,0.7
3277,High,82.8
3278,Low,1.6
3279,Low,4.4
3280,Low,9.9
3281,Low,4.4
3282,Low,26.5
3283,High,59.0
3284,Low,4.5
3285,High,56.1
3286,Low,5.1
3287,High,58.7
3288,High,52.2
3289,Low,1.0
3290,Low,48.7
3291,High,70.8
3292,Low,33.2
3293,High,59.8
3294,Low,27.4
3295,High,96.4
3296,Low,1.2
3297,Low,35.5
3298,Low,2.9
3299,Low,17.6
3300,High,51.7
3301,Low,1.0
3302,High,96.9
3303,High,62.2
3304,High,84.6
3305,Low,27.0
3306,High,52.1
3307,High,80.8
3308,Low,3.4
3309,Low,3.1
3310,Low,1.0
3311,High,94.8
3312,Low,37.7
3313,Low,43.7
3314,Low,26.1
3315,Low,28.3
3316,Low,30.2
3317,Low,11.3
3318,Low,15.2
3319,High,65.3
3320,High,81.3
3321,Low,44.0
3322,Low,0.8
3323,High,83.6
3324,Low,11.3
3325,High,75.9
3326,High,86.4
3327,Low,43.8
3328,Low,35.1
3329,High,88.0
3330,Low,41.8
3331,High,62.3
3332,Low,1.8
3333,High,68.5
3334,Low,2.1
3335,High,74.7
3336,Low,24.6
3337,Low,1.8
3338,High,71.4
3339,High,83.9
3340,Low,0.8
3341,High,83.9
3342,Low,37.5
3343,Low,31.2
3344,Low,1.4
3345,High,74.6
3346,Low,17.1
3347,High,85.9
3348,Low,2.1
3349,Low,23.3
3350,High,92.4
3351,High,73.8
3352,Low,44.5
3353,High,94.8
3354,High,77.3
3355,Low,18.2
3356,Low,0.6
3357,High,66.8
3358,High,74.3
3359,Low,29.3
3360,Low,12.5
3361,High,77.3
3362,Low,38.1
3363,High,79.6
3364,Low,9.4
3365,High,78.5
3366,Low,0.7
3367,Low,35.0
3368,Low,3.1
3369,Low,25.2
3370,Low,36.3
3371,Low,45.7
3372,Low,45.6
3373,Low,48.8
3374,High,85.3
3375,High,75.8
3376,Low,0.4
3377,Low,44.3
3378,Low,1.0
3379,Low,0.8
3380,Low,22.0
3381,High,94.3
3382,Low,21.8
3383,Low,0.7
3384,High,78.3
3385,High,81.5
3386,High,90.7
3387,Low,13.3
3388,Low,13.9
3389,Low,27.9
3390,High,87.1
3391,Low,2.7
3392,Low,21.6
3393,Low,15.6
3394,Low,35.3
3395,Low,14.5
3396,Low,32.1
3397,Low,40.6
3398,Low,0.5
3399,Low,46.4
3400,Low,2.8
3401,High,68.1
3402,Low,3.4
3403,High,83.5
3404,Low,16.5
3405,Low,10.0
3406,Low,33.0
3407,Low,6.1
3408,Low,0.8
3409,High,72.7
3410,Low,26.0
3411,High,67.7
3412,High,70.9
3413,Low,3.1
3414,High,65.3
3415,Low,3.0
3416,Low,32.7
3417,High,50.1
3418,Low,34.2
3419,Low,27.3
3420,Low,1.0
3421,Low,31.2
3422,Low,10.4
3423,Low,2.1
3424,High,81.0
3425,High,82.5
3426,Low,21.1
3427,High,96.4
3428,High,66.3
3429,High,55.1
3430,Low,3.0
3431,Low,31.9
3432,High,77.5
3433,Low,10.6
3434,High,54.1
3435,Low,14.3
3436,High,79.9
3437,Low,0.9
3438,Low,24.5
3439,High,69.3
3440,Low,12.8
3441,Low,0.6
3442,Low,13.7
3443,High,76.9
3444,Low,33.1
3445,Low,8.6
3446,Low,45.9
3447,High,53.1
3448,Low,24.6
3449,Low,46.6
3450,Low,34.7
3451,Low,21.7
3452,Low,15.4
3453,High,80.2
3454,Low,23.2
3455,High,51.2
3456,High,91.8
3457,Low,1.1
3458,High,54.1
3459,High,65.6
3460,Low,4.8
3461,High,74.3
3462,Low,29.8
3463,High,84.6
3464,Low,48.4
3465,High,66.5
3466,High,70.1
3467,Low,0.9
3468,High,86.3
3469,High,57.0
3470,High,70.1
3471,Low,36.1
3472,Low,6.3
3473,Low,49.0
3474,High,75.8
3475,Low,28.9
3476,Low,7.6
3477,Low,19.5
3478,High,56.8
3479,Low,20.0
3480,High,68.3
3481,Low,0.4
3482,High,70.4
3483,High,51.8
3484,High,60.9
3485,High,58.5
3486,High,72.1
3487,Low,29.2
3488,Low,1.7
3489,Low,29.7
3490,Low,24.0
3491,Low,41.0
3492,Low,25.0
3493,High,54.3
3494,High,71.5
3495,High,83.7
3496,High,85.7
3497,High,56.7
3498,High,74.0
3499,High,59.1
3500,High,68.2
3501,Low,34.3
3502,Low,4.2
3503,Low,23.8
3504,Low,32.8
3505,Low,0.4
3506,Low,33.1
3507,High,64.8
3508,Low,33.5
3509,Low,4.6
3510,High,80.2
3511,High,71.4
3512,Low,4.1
3513,Low,10.3
3514,Low,23.3
3515,Low,28.7
3516,Low,45.6
3517,High,71.9
3518,High,50.5
3519,High,60.4
3520,High,55.4
3521,Low,23.8
3522,Low,17.2
3523,Low,3.1
3524,Low,5.7
3525,High,80.6
3526,High,52.5
3527,High,68.3
3528,High,91.5
3529,Low,30.5
3530,High,81.0
3531,Low,39.1
3532,Low,0.9
3533,Low,42.9
3534,Low,2.2
3535,High,55.5
3536,Low,34.8
3537,High,93.8
3538,Low,11.4
3539,Low,8.5
3540,High,54.0
3541,Low,42.9
3542,Low,36.7
3543,Low,11.6
3544,Low,10.4
3545,High,65.3
3546,High,59.7
3547,Low,0.8
3548,Low,0.6
3549,Low,20.0
3550,Low,2.0
3551,High,70.0
3552,High,94.9
3553,Low,10.0
3554,Low,0.4
3555,High,74.7
3556,High,67.7
3557,Low,4.7
3558,Low,30.1
3559,Low,28.9
3560,Low,0.6
3561,High,63.4
3562,High,61.2
3563,High,85.1
3564,High,67.4
3565,Low,16.9
3566,High,77.5
3567,Low,19.9
3568,High,80.3
3569,High,77.3
3570,Low,1.4
3571,Low,0.8
3572,Low,33.7
3573,High,64.5
3574,Low,19.1
3575,Low,34.5
3576,Low,36.1
3577,Low,7.6
3578,Low,38.1
3579,Low,34.2
3580,High,52.9
3581,High,74.7
3582,Low,5.2
3583,High,78.4
3584,Low,29.4
3585,High,73.9
3586,Low,25.6
3587,High,73.1
3588,High,90.9
3589,Low,41.1
3590,Low,28.2
3591,Low,2.9
3592,High,88.7
3593,High,84.0
3594,High,70.7
3595,Low,43.4
3596,High,78.0
3597,High,66.3
3598,High,66.7
3599,High,68.5
3600,Low,48.8
3601,High,57.3
3602,Low,27.8
3603,Low,32.8
3604,High,79.5
3605,Low,22.8
3606,Low,26.2
3607,Low,23.5
3608,Low,18.6
3609,High,57.9
3610,High,62.9
3611,High,91.7
3612,Low,9.9
3613,High,55.8
3614,Low,15.5
3615,Low,2.1
3616,High,75.5
3617,Low,21.6
3618,Low,49.0
3619,Low,40.2
3620,Low,0.8
3621,Low,26.0
3622,High,67.7
3623,Low,1.3
3624,High,52.1
3625,Low,41.7
3626,Low,0.4
3627,Low,34.2
3628,Low,1.4
3629,Low,45.4
3630,Low,6.3
3631,High,58.7
3632,High,68.1
3633,High,60.4
3634,High,85.5
3635,Low,12.8
3636,Low,0.8
3637,Low,26.1
3638,Low,31.2
3639,High,72.5
3640,Low,46.8
3641,High,70.1
3642,Low,3.0
3643,High,66.1
3644,Low,2.7
3645,Low,4.4
3646,Low,29.3
3647,Low,26.4
3648,High,52.1
3649,Low,15.3
3650,Low,0.7
3651,Low,0.8
3652,Low,0.5
3653,High,73.7
3654,Low,3.8
3655,High,66.6
3656,Low,25.0
3657,Low,3.2
3658,Low,2.1
3659,Low,36.9
3660,Low,30.4
3661,Low,8.3
3662,Low,19.8
3663,High,53.7
3664,High,80.1
3665,High,70.3
3666,Low,8.6
3667,High,56.9
3668,Low,9.8
3669,Low,14.5
3670,Low,41.8
3671,Low,19.2
3672,High,88.9
3673,Low,29.0
3674,High,74.0
3675,High,82.1
3676,High,71.4
3677,Low,21.1
3678,High,75.8
3679,High,70.0
3680,High,76.0
3681,High,60.1
3682,High,73.0
3683,High,96.4
3684,Low,6.7
3685,High,53.2
3686,Low,12.1
3687,High,69.6
3688,High,52.2
3689,High,68.7
3690,High,86.4
3691,Low,41.0
3692,Low,26.9
3693,High,66.5
3694,Low,25.3
3695,Low,38.2
3696,High,71.6
3697,High,67.2
3698,High,58.8
3699,Low,34.5
3700,Low,23.0
3701,Low,31.1
3702,Low,14.8
3703,High,65.9
3704,Low,1.7
3705,Low,17.0
3706,Low,2.0
3707,High,66.5
3708,Low,0.4
3709,Low,0.6
3710,High,77.5
3711,Low,4.3
3712,Low,14.1
3713,Low,29.5
3714,High,53.7
3715,Low,2.2
3716,High,69.2
3717,High,91.9
3718,Low,30.5
3719,High,65.4
3720,Low,0.9
3721,Low,44.0
3722,Low,12.5
3723,Low,10.8
3724,Low,8.8
3725,Low,6.1
3726,High,89.3
3727,High,72.1
3728,High,87.0
3729,Low,22.1
3730,Low,0.8
3731,High,53.6
3732,High,78.2
3733,Low,3.5
3734,Low,3.6
3735,Low,18.1
3736,High,69.8
3737,Low,5.6
3738,High,68.3
3739,Low,28.0
3740,Low,7.1
3741,High,67.1
3742,Low,15.4
3743,High,66.7
3744,High,71.6
3745,Low,19.4
3746,High,88.0
3747,High,95.4
3748,Low,45.5
3749,Low,2.8
3750,High,88.0
3751,Low,25.5
3752,Low,23.6
3753,Low,4.3
3754,High,65.9
3755,High,67.2
3756,High,83.7
3757,High,74.4
3758,Low,5.3
3759,High,68.1
3760,High,84.6
3761,High,75.7
3762,Low,0.8
3763,Low,46.8
3764,High,83.8
3765,Low,9.3
3766,High,60.9
3767,High,72.2
3768,Low,3.7
3769,High,54.4
3770,Low,22.0
3771,Low,1.0
3772,High,94.2
3773,High,94.3
3774,High,79.2
3775,Low,16.2
3776,High,72.1
3777,Low,21.9
3778,Low,2.2
3779,High,68.5
3780,Low,4.4
3781,Low,7.2
3782,Low,0.9
3783,High,78.8
3784,High,55.3
3785,High,70.9
3786,High,81.5
3787,High,53.5
3788,Low,33.5
3789,High,53.7
3790,Low,30.4
3791,High,61.4
3792,High,53.3
3793,High,66.6
3794,Low,23.4
3795,Low,36.1
3796,High,75.0
3797,Low,48.9
3798,Low,20.2
3799,High,65.4
3800,Low,35.0
3801,Low,0.6
3802,High,72.2
3803,High,73.3
3804,High,50.8
3805,High,74.2
3806,High,82.7
3807,High,54.5
3808,High,77.4
3809,Low,24.9
3810,Low,5.5
3811,High,75.1
3812,High,69.0
3813,Low,2.4
3814,Low,10.3
3815,Low,0.8
3816,High,81.4
3817,Low,2.9
3818,Low,2.2
3819,Low,42.2
3820,Low,8.3
3821,Low,26.8
3822,High,88.0
3823,High,82.3
3824,Low,2.7
3825,Low,45.6
3826,Low,13.1
3827,Low,1.5
3828,Low,6.3
3829,Low,5.3
3830,High,74.3
3831,High,91.1
3832,Low,33.6
3833,Low,17.8
3834,High,73.6
3835,Low,32.9
3836,Low,1.0
3837,Low,13.2
3838,Low,39.5
3839,High,72.6
3840,Low,18.8
3841,Low,0.7
3842,High,65.7
3843,High,65.2
3844,High,89.3
3845,Low,30.5
3846,High,81.5
3847,High,50.3
3848,Low,24.9
3849,High,70.6
3850,High,52.8
3851,Low,2.4
3852,Low,2.1
3853,High,53.6
3854,Low,47.4
3855,Low,43.1
3856,Low,22.0
3857,Low,25.4
3858,Low,11.5
3859,Low,20.0
3860,Low,27.2
3861,Low,24.6
3862,Low,15.2
3863,Low,0.7
3864,High,71.8
3865,High,77.6
3866,High,66.0
3867,Low,2.4
3868,Low,3.8
3869,High,60.7
3870,Low,33.8
3871,Low,13.8
3872,High,90.4
3873,High,86.6
3874,Low,1.3
3875,High,52.1
3876,High,51.0
3877,High,74.4
3878,Low,21.7
3879,Low,2.2
3880,High,84.1
3881,Low,25.7
3882,Low,4.1
3883,High,65.1
3884,High,68.9
3885,High,65.3
3886,High,79.8
3887,Low,30.5
3888,High,74.0
3889,High,94.7
3890,Low,2.3
3891,High,60.7
3892,Low,21.9
3893,Low,26.7
3894,Low,36.7
3895,Low,6.6
3896,Low,0.4
3897,Low,2.9
3898,Low,1.6
3899,Low,8.6
3900,Low,31.8
3901,Low,1.6
3902,Low,22.0
3903,High,69.1
3904,High,52.4
3905,Low,9.4
3906,High,71.3
3907,High,93.7
3908,High,67.1
3909,Low,20.3
3910,Low,0.4
3911,High,64.5
3912,Low,47.0
3913,Low,17.7
3914,Low,0.8
3915,Low,1.6
3916,Low,15.3
3917,High,77.4
3918,High,96.4
3919,High,68.6
3920,High,86.8
3921,Low,0.9
3922,Low,30.8
3923,Low,33.0
3924,High,91.9
3925,Low,30.3
3926,Low,27.5
3927,Low,43.9
3928,Low,38.2
3929,High,69.7
3930,Low,12.8
3931,Low,32.0
3932,High,51.7
3933,High,84.4
3934,Low,28.3
3935,Low,9.0
3936,Low,1.9
3937,Low,32.7
3938,Low,27.3
3939,High,65.3
3940,High,94.2
3941,Low,23.3
3942,Low,27.0
3943,High,80.4
3944,High,60.4
3945,Low,2.6
3946,High,64.9
3947,Low,38.6
3948,Low,42.0
3949,Low,18.9
3950,Low,45.9
3951,High,68.2
3952,Low,3.1
3953,Low,17.5
3954,High,78.7
3955,High,68.3
3956,Low,30.1
3957,High,82.2
3958,Low,14.4
3959,High,63.0
3960,Low,15.7
3961,High,60.7
3962,High,51.0
3963,High,84.8
3964,Low,0.5
3965,Low,21.9
3966,High,58.9
3967,Low,9.5
3968,Low,0.9
3969,Low,0.4
3970,High,89.9
3971,Low,27.7
3972,Low,40.7
3973,Low,43.0
3974,Low,27.9
3975,Low,26.5
3976,High,66.0
3977,High,72.2
3978,Low,27.4
3979,High,75.3
3980,Low,0.8
3981,High,72.2
3982,High,84.5
3983,Low,0.4
3984,High,72.3
3985,Low,0.9
3986,Low,43.0
3987,Low,15.0
3988,High,71.7
3989,Low,15.6
3990,Low,49.8
3991,High,65.6
3992,High,87.3
3993,Low,0.8
3994,Low,5.1
3995,Low,48.0
3996,High,58.5
3997,Low,0.9
3998,Low,2.0
3999,Low,46.5
4000,High,77.4
4001,High,71.1
4002,Low,37.8
4003,Low,1.2
4004,Low,0.9
4005,Low,7.5
4006,High,71.1
4007,Low,0.4
4008,Low,0.9
4009,Low,18.9
4010,Low,2.1
4011,Low,32.0
4012,Low,0.8
4013,High,81.0
4014,High,73.8
4015,Low,30.6
4016,Low,9.7
4017,High,81.1
4018,Low,10.9
4019,Low,23.0
4020,High,79.7
4021,Low,4.7
4022,High,71.4
4023,Low,26.7
4024,Low,1.6
4025,Low,33.6
4026,High,83.0
4027,Low,3.8
4028,Low,35.2
4029,Low,32.5
4030,Low,3.6
4031,High,55.5
4032,Low,4.8
4033,Low,33.3
4034,Low,14.4
4035,Low,41.6
4036,Low,45.8
4037,Low,12.9
4038,Low,0.9
4039,Low,1.7
4040,High,84.7
4041,Low,13.3
4042,Low,4.7
4043,High,56.6
4044,Low,2.1
4045,Low,1.7
4046,High,71.4
4047,Low,42.2
4048,Low,19.0
4049,Low,2.3
4050,Low,37.9
4051,Low,41.8
4052,Low,11.3
4053,High,55.9
4054,Low,36.6
4055,Low,34.3
4056,Low,3.1
4057,High,74.3
4058,Low,1.6
4059,High,61.3
4060,High,52.0
4061,Low,2.3
4062,Low,42.1
4063,High,88.6
4064,High,84.9
4065,High,64.5
4066,High,50.2
4067,Low,15.9
4068,Low,3.1
4069,Low,0.9
4070,Low,8.3
4071,Low,45.6
4072,High,56.0
4073,High,75.6
4074,Low,48.5
4075,Low,41.1
4076,Low,42.6
4077,Low,10.1
4078,High,68.5
4079,Low,26.5
4080,High,72.6
4081,Low,7.5
4082,High,96.9
4083,Low,27.7
4084,High,73.3
4085,High,94.8
4086,Low,8.2
4087,Low,3.5
4088,Low,21.8
4089,High,75.5
4090,High,74.7
4091,High,65.0
4092,Low,34.0
4093,High,59.3
4094,High,55.5
4095,High,86.9
4096,High,78.9
4097,High,65.3
4098,Low,42.8
4099,High,73.8
4100,High,53.8
4101,Low,1.1
4102,Low,34.1
4103,Low,45.6
4104,Low,1.0
4105,Low,38.2
4106,Low,30.7
4107,High,66.3
4108,Low,11.8
4109,Low,0.9
4110,High,79.6
4111,Low,4.0
4112,Low,14.3
4113,High,52.6
4114,Low,2.6
4115,Low,1.5
4116,Low,14.5
4117,Low,2.4
4118,Low,12.4
4119,High,51.3
4120,Low,0.9
4121,Low,18.5
4122,High,69.2
4123,Low,17.0
4124,High,51.7
4125,High,67.6
4126,Low,49.0
4127,Low,33.7
4128,Low,1.0
4129,High,54.5
4130,High,64.3
4131,Low,41.9
4132,High,59.3
4133,High,50.0
4134,Low,46.4
4135,High,52.6
4136,Low,3.8
4137,Low,2.8
4138,Low,21.0
4139,High,94.8
4140,High,60.7
4141,Low,42.4
4142,Low,39.9
4143,Low,15.3
4144,High,63.8
4145,High,75.8
4146,Low,37.1
4147,High,61.7
4148,Low,0.8
4149,Low,19.2
4150,Low,3.0
4151,High,81.6
4152,Low,34.9
4153,Low,4.4
4154,Low,2.3
4155,High,79.3
4156,Low,2.4
4157,High,50.2
4158,High,52.9
4159,Low,3.5
4160,Low,32.0
4161,Low,20.9
4162,High,68.8
4163,Low,3.9
4164,Low,10.5
4165,Low,5.7
4166,High,79.8
4167,Low,1.1
4168,Low,18.9
4169,Low,2.1
4170,High,80.6
4171,Low,1.6
4172,Low,48.0
4173,High,54.1
4174,High,82.2
4175,Low,44.1
4176,Low,9.1
4177,Low,1.8
4178,Low,45.7
4179,Low,6.7
4180,High,72.8
4181,High,70.4
4182,High,56.7
4183,High,76.5
4184,High,78.7
4185,High,84.4
4186,Low,28.8
4187,Low,11.9
4188,Low,1.6
4189,High,74.0
4190,Low,15.4
4191,High,86.9
4192,Low,30.6
4193,Low,10.4
4194,Low,27.9
4195,Low,0.7
4196,Low,39.3
4197,Low,0.4
4198,High,64.6
4199,Low,1.6
4200,High,60.7
4201,Low,3.6
4202,Low,0.5
4203,Low,1.0
4204,Low,2.9
4205,High,84.6
4206,Low,3.2
4207,Low,2.4
4208,High,51.0
4209,Low,10.7
4210,Low,42.5
4211,Low,13.0
4212,High,78.4
4213,High,90.9
4214,High,66.0
4215,High,84.0
4216,Low,15.5
4217,Low,1.4
4218,High,65.6
4219,Low,33.3
4220,Low,18.9
4221,Low,3.2
4222,High,55.2
4223,Low,46.5
4224,High,78.0
4225,Low,0.5
4226,Low,26.1
4227,High,82.6
4228,Low,1.5
4229,High,90.8
4230,Low,1.6
4231,High,74.1
4232,Low,1.2
4233,High,89.9
4234,Low,2.9
4235,Low,0.8
4236,Low,32.8
4237,High,73.7
4238,High,76.5
4239,Low,2.6
4240,Low,9.1
4241,High,84.1
4242,Low,35.0
4243,High,50.2
4244,Low,35.6
4245,Low,4.5
4246,Low,1.2
4247,Low,21.7
4248,Low,33.1
4249,Low,37.7
4250,Low,17.0
4251,Low,44.0
4252,Low,3.4
4253,Low,46.2
4254,High,64.4
4255,High,67.2
4256,Low,33.3
4257,Low,0.7
4258,High,62.6
4259,High,57.3
4260,Low,46.4
4261,Low,28.7
4262,Low,17.6
4263,High,76.5
4264,Low,1.6
4265,High,68.4
4266,High,73.5
4267,High,56.4
4268,Low,1.3
4269,Low,27.1
4270,High,73.1
4271,Low,1.4
4272,Low,1.0
4273,Low,28.6
4274,High,63.7
4275,Low,1.4
4276,High,67.1
4277,High,73.7
4278,Low,35.6
4279,Low,29.5
4280,Low,25.8
4281,Low,1.2
4282,Low,33.8
4283,Low,37.8
4284,High,78.6
4285,High,59.0
4286,Low,3.0
4287,High,79.8
4288,Low,46.2
4289,High,81.5
4290,Low,1.7
4291,High,81.7
4292,Low,22.8
4293,High,60.6
4294,High,83.9
4295,Low,27.0
4296,Low,10.8
4297,High,52.1
4298,Low,2.8
4299,Low,47.1
4300,Low,35.8
4301,Low,7.1
4302,Low,2.2
4303,Low,19.7
4304,Low,2.4
4305,Low,2.6
4306,Low,0.9
4307,High,64.9
4308,High,66.8
4309,Low,35.8
4310,Low,39.7
4311,Low,3.9
4312,High,71.4
4313,Low,4.9
4314,High,61.4
4315,High,76.8
4316,High,94.8
4317,Low,0.6
4318,Low,4.1
4319,Low,14.1
4320,Low,31.9
4321,Low,6.2
4322,High,71.0
4323,High,60.5
4324,Low,32.1
4325,Low,28.7
4326,Low,28.8
4327,High,91.9
4328,High,58.0
4329,Low,39.7
4330,High,70.0
4331,High,66.3
4332,Low,0.7
4333,Low,2.8
4334,High,63.3
4335,High,71.3
4336,High,72.9
4337,Low,21.2
4338,High,61.8
4339,High,69.7
4340,Low,27.1
4341,High,67.1
4342,High,74.2
4343,Low,3.9
4344,High,72.8
4345,Low,2.1
4346,Low,6.1
4347,Low,28.9
4348,Low,18.4
4349,Low,41.8
4350,High,94.8
4351,Low,33.6
4352,Low,20.2
4353,Low,33.4
4354,High,91.5
4355,Low,0.8
4356,Low,48.3
4357,Low,19.5
4358,Low,13.6
4359,Low,25.4
4360,High,79.2
4361,High,66.4
4362,Low,10.9
4363,Low,7.9
4364,Low,35.8
4365,Low,2.3
4366,Low,2.3
4367,High,62.3
4368,Low,10.5
4369,High,81.1
4370,High,75.4
4371,Low,21.3
4372,Low,8.1
4373,High,72.7
4374,Low,1.0
4375,Low,0.5
4376,Low,29.0
4377,Low,38.6
4378,High,62.4
4379,Low,7.9
4380,Low,0.7
4381,Low,0.3
4382,High,53.5
4383,High,71.7
4384,Low,16.2
4385,High,87.0
4386,Low,2.7
4387,Low,27.5
4388,High,59.3
4389,Low,0.7
4390,High,62.8
4391,Low,36.3
4392,Low,30.7
4393,Low,26.1
4394,High,64.7
4395,Low,39.7
4396,High,56.1
4397,High,79.5
4398,Low,10.5
4399,Low,5.4
4400,Low,42.2
4401,Low,31.3
4402,Low,47.7
4403,Low,35.9
4404,Low,34.0
4405,High,65.2
4406,High,85.6
4407,High,60.2
4408,Low,20.6
4409,Low,4.8
4410,Low,3.8
4411,High,73.9
4412,Low,38.1
4413,Low,8.2
4414,High,71.8
4415,Low,6.6
4416,Low,2.2
4417,High,53.6
4418,High,88.8
4419,Low,24.3
4420,Low,36.4
4421,Low,17.8
4422,High,61.5
4423,Low,36.8
4424,Low,40.3
4425,High,71.5
4426,Low,43.4
4427,Low,21.6
4428,Low,16.7
4429,High,75.9
4430,Low,6.0
4431,Low,29.1
4432,Low,41.6
4433,Low,1.6
4434,High,82.6
4435,High,70.6
4436,High,59.1
4437,Low,28.6
4438,Low,13.3
4439,Low,3.4
4440,Low,0.9
4441,Low,6.2
4442,Low,1.0
4443,High,82.5
4444,High,76.9
4445,High,51.7
4446,Low,13.5
4447,High,82.3
4448,Low,29.4
4449,High,75.9
4450,Low,20.0
4451,Low,48.2
4452,High,53.7
4453,Low,1.0
4454,High,91.7
4455,Low,25.3
4456,High,81.4
4457,Low,1.0
4458,High,58.7
4459,High,55.7
4460,High,92.0
4461,High,65.4
4462,High,67.1
4463,High,70.7
4464,High,95.2
4465,High,77.4
4466,Low,10.2
4467,High,84.0
4468,Low,18.8
4469,Low,36.0
4470,Low,16.4
4471,High,51.6
4472,High,60.7
4473,Low,2.0
4474,High,77.0
4475,Low,4.7
4476,Low,30.3
4477,High,68.2
4478,Low,21.1
4479,High,68.7
4480,Low,0.4
4481,High,96.9
4482,Low,35.9
4483,High,75.8
4484,Low,0.7
4485,High,86.8
4486,Low,0.6
4487,Low,31.8
4488,Low,9.1
4489,High,55.7
4490,Low,15.0
4491,Low,37.3
4492,High,50.2
4493,Low,0.9
4494,Low,3.8
4495,High,78.9
4496,High,85.7
4497,Low,1.9
4498,Low,35.1
4499,Low,1.7
4500,High,71.3
4501,High,62.1
4502,Low,1.1
4503,High,62.8
4504,High,69.7
4505,Low,4.9
4506,Low,0.7
4507,Low,3.6
4508,Low,32.8
4509,Low,13.3
4510,High,93.9
4511,Low,39.2
4512,Low,23.7
4513,Low,4.5
4514,Low,0.9
4515,High,63.4
4516,High,76.6
4517,Low,2.4
4518,High,93.2
4519,High,80.9
4520,High,54.1
4521,High,73.7
4522,Low,34.3
4523,Low,3.8
4524,High,71.9
4525,High,79.6
4526,High,60.9
4527,High,70.5
4528,Low,3.2
4529,High,50.8
4530,Low,43.8
4531,Low,0.9
4532,High,76.3
4533,High,72.2
4534,Low,10.4
4535,High,65.9
4536,High,79.2
4537,High,96.5
4538,Low,44.6
4539,High,85.9
4540,Low,28.9
4541,High,70.5
4542,High,81.0
4543,High,64.1
4544,Low,1.6
4545,High,90.7
4546,High,73.8
4547,High,80.8
4548,Low,42.5
4549,High,65.9
4550,High,63.6
4551,Low,0.7
4552,High,57.2
4553,Low,17.1
4554,Low,1.6
4555,High,57.6
4556,Low,1.1
4557,High,77.1
4558,Low,17.7
4559,High,67.1
4560,Low,25.1
4561,Low,24.1
4562,Low,37.2
4563,Low,2.9
4564,High,75.3
4565,High,73.3
4566,Low,11.0
4567,Low,21.2
4568,High,66.2
4569,Low,24.6
4570,Low,48.3
4571,Low,31.3
4572,Low,37.7
4573,Low,40.8
4574,Low,0.4
4575,Low,19.8
4576,High,51.4
4577,Low,25.7
4578,High,53.6
4579,Low,32.7
4580,High,61.4
4581,Low,1.2
4582,Low,2.2
4583,Low,0.6
4584,Low,0.6
4585,Low,4.8
4586,High,95.0
4587,Low,14.3
4588,High,63.4
4589,High,61.4
4590,Low,1.1
4591,Low,14.1
4592,Low,24.5
4593,Low,10.1
4594,Low,13.1
4595,High,76.4
4596,Low,1.3
4597,Low,25.7
4598,High,91.8
4599,Low,44.9
4600,Low,16.5
4601,Low,21.3
4602,High,68.7
4603,Low,0.7
4604,High,69.5
4605,Low,37.9
4606,Low,2.0
4607,Low,3.2
4608,High,68.7
4609,Low,2.9
4610,Low,10.5
4611,High,67.0
4612,Low,0.4
4613,Low,3.8
4614,High,55.5
4615,Low,28.0
4616,Low,12.0
4617,Low,42.0
4618,Low,12.9
4619,High,87.1
4620,High,81.5
4621,Low,1.6
4622,Low,46.7
4623,High,58.1
4624,Low,33.0
4625,High,88.1
4626,High,74.1
4627,Low,32.5
4628,Low,28.5
4629,Low,42.4
4630,Low,24.4
4631,Low,31.7
4632,High,85.7
4633,High,60.4
4634,Low,0.4
4635,Low,19.5
4636,Low,1.0
4637,Low,1.6
4638,Low,15.3
4639,High,84.8
4640,High,65.7
4641,High,89.9
4642,High,67.9
4643,Low,20.7
4644,Low,39.2
4645,Low,37.2
4646,High,68.0
4647,High,86.6
4648,High,68.7
4649,High,77.8
4650,Low,8.4
4651,Low,21.8
4652,High,77.1
4653,Low,0.9
4654,Low,28.9
4655,Low,1.4
4656,Low,20.3
4657,High,55.1
4658,Low,24.1
4659,Low,42.2
4660,Low,9.1
4661,Low,31.0
4662,Low,0.8
4663,Low,11.4
4664,High,83.2
4665,High,81.9
4666,Low,2.4
4667,Low,14.6
4668,Low,22.9
4669,High,55.3
4670,Low,1.6
4671,Low,34.6
4672,High,81.4
4673,High,53.9
4674,High,78.1
4675,Low,10.5
4676,Low,43.2
4677,Low,14.4
4678,High,89.5
4679,High,89.3
4680,Low,1.0
4681,Low,45.7
4682,High,82.5
4683,High,66.8
4684,High,66.8
4685,Low,38.6
4686,Low,31.2
4687,Low,23.6
4688,High,67.7
4689,Low,28.8
4690,Low,32.6
4691,Low,29.5
4692,High,61.2
4693,High,78.6
4694,Low,7.1
4695,Low,25.2
4696,Low,5.0
4697,Low,32.4
4698,Low,35.5
4699,Low,3.0
4700,Low,32.8
4701,High,70.0
4702,High,76.3
4703,Low,18.8
4704,High,63.9
4705,High,65.5
4706,High,75.9
4707,High,75.9
4708,Low,41.7
4709,Low,2.3
4710,High,59.8
4711,Low,2.0
4712,Low,1.1
4713,Low,45.6
4714,High,56.8
4715,Low,0.6
4716,Low,2.0
4717,Low,2.1
4718,Low,44.1
4719,Low,1.2
4720,High,65.2
4721,Low,24.2
4722,High,59.3
4723,Low,21.0
4724,High,88.0
4725,Low,21.1
4726,High,71.4
4727,Low,3.0
4728,Low,0.7
4729,Low,1.4
4730,Low,5.0
4731,High,67.2
4732,Low,2.9
4733,Low,0.4
4734,High,79.2
4735,Low,29.7
4736,Low,23.6
4737,Low,2.8
4738,Low,1.6
4739,High,88.4
4740,High,70.6
4741,High,59.3
4742,High,69.6
4743,Low,0.4
4744,Low,2.8
4745,Low,0.8
4746,High,62.6
4747,High,86.4
4748,Low,5.3
4749,Low,2.5
4750,High,71.9
4751,Low,9.5
4752,Low,48.2
4753,Low,3.8
4754,High,85.4
4755,Low,0.7
4756,High,62.0
4757,High,50.2
4758,High,77.6
4759,Low,22.7
4760,High,94.2
4761,Low,15.1
4762,Low,0.9
4763,Low,44.7
4764,Low,37.2
4765,High,72.6
4766,Low,3.7
4767,Low,7.1
4768,Low,19.2
4769,Low,0.4
4770,Low,1.0
4771,Low,4.7
4772,High,83.4
4773,Low,9.6
4774,Low,31.5
4775,Low,17.2
4776,High,79.1
4777,High,51.8
4778,High,65.6
4779,Low,0.4
4780,High,69.5
4781,High,68.1
4782,Low,8.9
4783,High,77.9
4784,Low,13.0
4785,Low,36.5
4786,High,67.9
4787,Low,12.7
4788,High,57.6
4789,Low,10.2
4790,High,85.7
4791,High,67.0
4792,Low,23.0
4793,Low,47.2
4794,Low,37.2
4795,Low,21.0
4796,Low,22.3
4797,Low,26.9
4798,Low,2.5
4799,High,60.7
4800,Low,27.7
4801,High,92.8
4802,Low,1.1
4803,Low,31.1
4804,Low,48.0
4805,Low,30.9
4806,Low,5.2
4807,Low,2.5
4808,Low,15.3
4809,Low,2.2
4810,Low,43.7
4811,High,71.9
4812,High,71.6
4813,Low,38.5
4814,High,75.0
4815,High,66.3
4816,Low,40.5
4817,Low,14.1
4818,High,64.6
4819,Low,16.6
4820,Low,32.0
4821,Low,2.2
4822,Low,18.5
4823,Low,10.4
4824,High,79.8
4825,Low,19.7
4826,High,60.8
4827,High,85.7
4828,High,64.9
4829,Low,33.3
4830,High,53.8
4831,Low,3.0
4832,Low,11.5
4833,Low,22.4
4834,Low,2.4
4835,Low,0.8
4836,High,55.1
4837,High,61.6
4838,High,96.4
4839,Low,30.6
4840,High,75.9
4841,Low,35.7
4842,High,67.4
4843,Low,35.8
4844,Low,0.4
4845,Low,2.9
4846,Low,3.6
4847,Low,47.3
4848,High,61.4
4849,High,87.0
4850,Low,10.4
4851,Low,37.0
4852,High,80.4
4853,Low,0.4
4854,Low,29.8
4855,Low,21.2
4856,Low,11.1
4857,High,61.9
4858,Low,20.1
4859,Low,18.2
4860,Low,31.4
4861,Low,3.2
4862,Low,19.4
4863,High,71.4
4864,Low,1.0
4865,Low,47.7
4866,Low,43.8
4867,Low,41.5
4868,High,69.6
4869,High,74.0
4870,High,68.4
4871,Low,26.8
4872,Low,14.1
4873,Low,0.8
4874,Low,37.9
4875,High,65.5
4876,High,63.1
4877,High,90.9
4878,Low,20.2
4879,Low,31.8
4880,Low,24.0
4881,Low,1.7
4882,High,57.4
4883,Low,2.0
4884,High,60.0
4885,Low,49.7
4886,Low,4.6
4887,Low,1.5
4888,Low,8.0
4889,Low,46.7
4890,Low,28.9
4891,Low,44.9
4892,Low,38.8
4893,High,65.7
4894,High,80.8
4895,Low,14.8
4896,High,56.6
4897,Low,38.7
4898,Low,42.7
4899,High,79.9
4900,High,86.0
4901,High,56.9
4902,High,91.5
4903,Low,36.4
4904,High,86.5
4905,High,58.6
4906,Low,0.9
4907,Low,14.0
4908,Low,0.4
4909,High,70.1
4910,Low,2.8
4911,Low,39.1
4912,Low,0.8
4913,High,60.9
4914,Low,8.5
4915,Low,4.0
4916,High,58.2
4917,High,84.9
4918,Low,24.8
4919,Low,3.4
4920,Low,2.8
4921,Low,0.4
4922,High,73.5
4923,Low,21.9
4924,Low,39.4
4925,High,83.1
4926,Low,40.0
4927,Low,3.3
4928,Low,1.3
4929,High,72.3
4930,Low,23.5
4931,High,75.1
4932,High,76.6
4933,Low,20.0
4934,Low,45.5
4935,Low,21.3
4936,Low,6.4
4937,High,70.7
4938,Low,26.3
4939,High,71.0
4940,Low,48.7
4941,High,62.4
4942,High,52.4
4943,High,67.5
4944,Low,0.8
4945,Low,36.2
4946,Low,0.5
4947,High,85.7
4948,High,79.6
4949,Low,45.7
4950,High,56.4
4951,High,85.6
4952,High,67.0
4953,High,80.4
4954,Low,0.9
4955,High,93.2
4956,High,96.9
4957,High,87.2
4958,Low,10.8
4959,Low,36.8
4960,High,72.7
4961,High,62.2
4962,High,52.0
4963,High,66.1
4964,Low,2.8
4965,High,59.7
4966,High,64.7
4967,Low,41.8
4968,High,58.5
4969,Low,3.4
4970,Low,33.9
4971,Low,8.0
4972,Low,18.1
4973,Low,0.8
4974,High,77.8
4975,High,71.6
4976,Low,11.2
4977,Low,5.2
4978,Low,9.2
4979,High,72.7
4980,Low,0.4
4981,Low,7.2
4982,Low,42.3
4983,High,62.1
4984,Low,41.2
4985,Low,37.2
4986,Low,0.8
4987,High,69.3
4988,Low,0.4
4989,Low,1.0
4990,High,63.5
4991,High,63.2
4992,High,57.7
4993,Low,29.3
4994,Low,4.0
4995,High,74.6
4996,High,72.1
4997,Low,3.0
4998,High,76.8
4999,Low,31.7
5000,Low,1.2
5001,Low,46.7
5002,Low,46.0
5003,Low,3.3
5004,High,74.9
5005,Low,26.5
5006,Low,49.5
5007,Low,45.5
5008,Low,6.3
5009,Low,1.7
5010,Low,45.6
5011,Low,1.9
5012,High,53.6
5013,Low,21.0
5014,High,51.8
5015,Low,22.6
5016,Low,39.5
5017,Low,39.4
5018,Low,7.7
5019,Low,0.5
5020,High,70.5
5021,Low,0.8
5022,Low,20.3
5023,Low,15.5
5024,High,89.1
5025,Low,0.7
5026,High,61.9
5027,Low,1.1
5028,High,82.0
5029,Low,27.4
5030,Low,35.6
5031,High,88.4
5032,High,86.0
5033,High,79.1
5034,Low,44.3
5035,Low,8.6
5036,High,60.9
5037,High,72.0
5038,High,86.8
5039,Low,5.0
5040,High,85.5
5041,High,68.7
5042,Low,4.0
5043,Low,1.8
5044,High,67.0
5045,High,74.2
5046,High,64.6
5047,High,81.2
5048,High,51.4
5049,Low,33.1
5050,High,73.8
5051,Low,43.0
5052,Low,44.2
5053,Low,47.5
5054,High,65.9
5055,Low,13.4
5056,Low,3.4
5057,Low,1.1
5058,High,72.7
5059,Low,31.0
5060,High,73.9
5061,High,52.8
5062,Low,14.5
5063,High,53.3
5064,High,62.5
5065,High,81.0
5066,Low,11.5
5067,Low,14.2
5068,Low,28.0
5069,Low,0.4
5070,High,83.6
5071,Low,31.9
5072,High,85.7
5073,High,74.5
5074,Low,19.5
5075,Low,2.8
5076,Low,47.9
5077,Low,42.4
5078,Low,5.2
5079,Low,20.9
5080,High,70.2
5081,Low,0.6
5082,Low,2.9
5083,Low,2.8
5084,High,50.6
5085,Low,3.8
5086,Low,34.6
5087,Low,27.5
5088,Low,20.3
5089,Low,3.4
5090,Low,36.5
5091,High,88.5
5092,High,67.8
5093,Low,16.5
5094,Low,3.9
5095,Low,20.1
5096,Low,15.7
5097,Low,0.9
5098,High,66.0
5099,High,81.9
5100,Low,21.9
5101,High,91.7
5102,High,66.8
5103,Low,5.6
5104,Low,25.1
5105,Low,1.1
5106,Low,38.4
5107,Low,30.5
5108,Low,42.7
5109,Low,40.8
5110,Low,2.0
5111,High,74.6
5112,High,55.5
5113,Low,24.6
5114,Low,2.5
5115,High,55.1
5116,Low,5.7
5117,High,88.8
5118,Low,2.0
5119,Low,49.1
5120,High,76.2
5121,Low,14.1
5122,Low,20.7
5123,Low,27.7
5124,High,68.9
5125,Low,0.6
5126,High,86.2
5127,High,52.0
5128,High,50.5
5129,High,71.5
5130,High,71.4
5131,High,67.4
5132,High,70.7
5133,Low,11.0
5134,High,77.2
5135,High,69.7
5136,High,50.2
5137,High,80.7
5138,Low,30.3
5139,Low,26.3
5140,Low,3.4
5141,High,86.3
5142,Low,31.8
5143,Low,32.0
5144,Low,20.6
5145,High,62.7
5146,Low,8.6
5147,High,77.6
5148,Low,47.2
5149,Low,12.8
5150,Low,3.6
5151,Low,18.5
5152,Low,28.1
5153,Low,0.9
5154,High,51.9
5155,High,72.8
5156,Low,31.4
5157,Low,19.6
5158,Low,3.7
5159,Low,0.8
5160,High,73.6
5161,High,88.0
5162,Low,30.1
5163,Low,30.3
5164,High,52.8
5165,Low,36.8
5166,High,96.9
5167,High,59.1
5168,Low,3.5
5169,High,81.5
5170,Low,19.7
5171,High,53.6
5172,Low,47.5
5173,Low,1.0
5174,High,65.1
5175,High,79.1
5176,Low,7.1
5177,Low,44.2
5178,High,66.3
5179,High,52.1
5180,High,75.3
5181,Low,4.8
5182,Low,0.6
5183,Low,6.8
5184,High,65.1
5185,Low,1.1
5186,Low,21.2
5187,High,82.9
5188,High,70.9
5189,High,70.9
5190,High,76.6
5191,High,73.0
5192,Low,3.9
5193,Low,0.8
5194,Low,0.7
5195,High,64.3
5196,Low,3.9
5197,Low,29.1
5198,Low,4.8
5199,High,50.9
5200,Low,48.1
5201,Low,27.7
5202,Low,2.2
5203,Low,32.7
5204,High,77.3
5205,Low,19.5
5206,Low,48.4
5207,Low,3.9
5208,High,57.6
5209,Low,37.2
5210,Low,14.3
5211,Low,25.8
5212,High,83.6
5213,Low,2.8
5214,High,63.2
5215,High,81.1
5216,Low,28.4
5217,Low,26.4
5218,Low,32.3
5219,Low,9.5
5220,Low,29.2
5221,Low,9.7
5222,Low,30.9
5223,Low,31.1
5224,Low,0.9
5225,Low,38.8
5226,Low,22.3
5227,Low,26.3
5228,High,89.5
5229,Low,43.1
5230,High,51.2
5231,Low,27.5
5232,High,79.4
5233,Low,16.8
5234,High,89.9
5235,Low,46.0
5236,High,78.5
5237,Low,25.2
5238,Low,33.1
5239,Low,10.2
5240,Low,20.7
5241,Low,14.8
5242,Low,15.9
5243,High,66.8
5244,Low,24.7
5245,High,50.0
5246,Low,0.4
5247,High,87.0
5248,High,69.3
5249,Low,0.6
5250,Low,4.0
5251,High,83.2
5252,High,52.7
5253,Low,28.4
5254,Low,31.4
5255,Low,10.5
5256,High,57.1
5257,Low,42.3
5258,High,70.8
5259,Low,35.8
5260,High,64.2
5261,High,62.9
5262,Low,39.8
5263,Low,10.6
5264,Low,46.0
5265,Low,11.9
5266,Low,19.3
5267,Low,13.4
5268,Low,4.5
5269,Low,0.9
5270,Low,32.6
5271,High,50.1
5272,Low,37.5
5273,High,82.2
5274,Low,0.4
5275,Low,30.6
5276,Low,36.2
5277,Low,22.6
5278,High,83.9
5279,Low,25.7
5280,Low,4.8
5281,Low,32.5
5282,Low,10.2
5283,High,88.2
5284,Low,48.2
5285,High,70.5
5286,Low,1.2
5287,High,76.1
5288,High,69.5
5289,High,94.9
5290,Low,30.5
5291,Low,2.1
5292,Low,23.2
5293,Low,8.5
5294,Low,27.5
5295,Low,25.3
5296,Low,42.9
5297,Low,10.1
5298,Low,1.8
5299,Low,42.9
5300,High,76.0
5301,High,94.7
5302,High,67.7
5303,Low,33.4
5304,Low,34.6
5305,High,71.5
5306,Low,2.8
5307,High,71.3
5308,High,83.1
5309,Low,1.5
5310,Low,0.8
5311,Low,28.7
5312,Low,37.6
5313,High,78.8
5314,Low,33.0
5315,Low,4.7
5316,High,81.3
5317,Low,17.0
5318,High,67.0
5319,Low,4.1
5320,Low,5.9
5321,Low,3.5
5322,Low,30.0
5323,High,57.4
5324,High,54.9
5325,Low,10.1
5326,Low,3.7
5327,Low,30.7
5328,Low,0.9
5329,Low,17.2
5330,High,53.8
5331,High,82.3
5332,Low,5.9
5333,Low,21.5
5334,High,77.1
5335,Low,43.5
5336,Low,36.9
5337,Low,41.8
5338,Low,41.6
5339,Low,2.9
5340,High,67.6
5341,Low,27.2
5342,High,91.3
5343,Low,49.3
5344,Low,2.2
5345,Low,3.1
5346,High,66.8
5347,Low,7.6
5348,Low,2.4
5349,Low,10.8
5350,Low,19.4
5351,Low,2.8
5352,Low,27.6
5353,High,78.9
5354,Low,32.5
5355,High,91.2
5356,High,52.8
5357,Low,11.2
5358,Low,0.8
5359,Low,26.2
5360,High,69.0
5361,High,86.5
5362,Low,3.5
5363,Low,1.4
5364,Low,0.8
5365,High,66.4
5366,Low,0.8
5367,Low,2.4
5368,Low,2.3
5369,High,77.8
5370,Low,10.7
5371,High,70.8
5372,High,63.2
5373,High,64.5
5374,Low,10.3
5375,High,74.0
5376,High,81.1
5377,Low,5.6
5378,Low,44.7
5379,Low,3.8
5380,Low,27.4
5381,High,85.2
5382,High,63.8
5383,Low,19.0
5384,High,65.5
5385,Low,37.5
5386,High,57.3
5387,Low,48.0
5388,High,66.6
5389,High,64.6
5390,Low,26.3
5391,High,91.1
5392,Low,15.9
5393,Low,2.4
5394,High,87.1
5395,High,64.0
5396,High,83.7
5397,Low,1.0
5398,High,83.6
5399,Low,27.0
5400,Low,3.9
5401,High,53.5
5402,Low,0.9
5403,Low,0.8
5404,Low,48.9
5405,Low,35.4
5406,High,54.6
5407,Low,11.4
5408,Low,2.3
5409,Low,3.4
5410,High,66.3
5411,Low,12.0
5412,High,77.0
5413,Low,21.7
5414,High,71.9
5415,Low,38.8
5416,Low,41.4
5417,Low,32.2
5418,Low,3.4
5419,High,61.6
5420,Low,3.1
5421,Low,2.4
5422,Low,7.3
5423,Low,2.1
5424,High,74.2
5425,Low,0.7
5426,High,63.6
5427,Low,3.5
5428,High,66.8
5429,High,83.1
5430,Low,3.0
5431,High,73.8
5432,Low,1.2
5433,High,86.4
5434,Low,44.2
5435,High,56.8
5436,Low,16.4
5437,High,74.0
5438,Low,39.6
5439,High,77.3
5440,High,74.4
5441,Low,42.8
5442,Low,25.7
5443,Low,1.2
5444,Low,38.6
5445,High,52.7
5446,Low,1.9
5447,High,53.6
5448,High,63.8
5449,Low,42.8
5450,Low,11.9
5451,High,94.1
5452,Low,18.7
5453,Low,25.2
5454,Low,2.1
5455,High,96.9
5456,Low,33.4
5457,Low,48.9
5458,Low,35.5
5459,Low,34.6
5460,High,77.5
5461,Low,0.6
5462,Low,2.0
5463,Low,22.4
5464,High,77.1
5465,Low,0.9
5466,Low,11.1
5467,Low,1.6
5468,Low,30.7
5469,High,77.0
5470,High,64.1
5471,Low,1.0
5472,High,56.7
5473,High,60.1
5474,Low,43.8
5475,High,91.4
5476,Low,39.5
5477,High,85.4
5478,Low,0.8
5479,Low,46.4
5480,Low,41.0
5481,High,83.1
5482,High,88.0
5483,Low,37.2
5484,High,53.1
5485,Low,8.3
5486,High,77.5
5487,Low,3.2
5488,Low,5.0
5489,Low,31.0
5490,Low,30.7
5491,Low,35.2
5492,Low,32.2
5493,Low,0.7
5494,High,85.9
5495,High,84.8
5496,High,70.7
5497,Low,2.0
5498,Low,29.0
5499,High,83.9
5500,High,70.4
5501,Low,2.1
5502,Low,24.1
5503,High,70.1
5504,Low,1.6
5505,Low,29.5
5506,Low,9.4
5507,High,73.8
5508,Low,14.6
5509,Low,4.7
5510,High,72.4
5511,High,72.5
5512,Low,9.2
5513,Low,37.1
5514,Low,0.7
5515,High,62.6
5516,Low,1.6
5517,High,61.7
5518,Low,21.4
5519,High,68.2
5520,High,67.4
5521,Low,19.3
5522,Low,21.4
5523,High,87.8
5524,Low,49.3
5525,Low,9.7
5526,Low,8.2
5527,Low,6.0
5528,Low,20.1
5529,Low,25.7
5530,Low,18.1
5531,Low,15.4
5532,Low,16.6
5533,Low,1.5
5534,High,65.2
5535,High,63.1
5536,Low,3.2
5537,High,71.6
5538,Low,2.9
5539,High,90.3
5540,Low,1.1
5541,High,69.5
5542,Low,49.1
5543,Low,1.2
5544,High,67.3
5545,Low,49.8
5546,High,65.0
5547,High,66.0
5548,High,80.2
5549,Low,0.4
5550,High,89.8
5551,Low,4.0
5552,Low,22.2
5553,Low,2.3
5554,High,67.4
5555,Low,0.7
5556,Low,0.4
5557,High,69.5
5558,High,79.6
5559,Low,2.4
5560,Low,42.8
5561,Low,36.8
5562,Low,28.8
5563,High,51.4
5564,Low,19.0
5565,Low,5.2
5566,High,58.0
5567,Low,1.2
5568,Low,42.3
5569,High,53.0
5570,High,84.6
5571,High,53.0
5572,Low,16.0
5573,Low,6.2
5574,High,95.2
5575,Low,8.0
5576,Low,22.9
5577,High,80.2
5578,Low,2.7
5579,Low,0.8
5580,High,57.2
5581,Low,3.2
5582,Low,29.8
5583,Low,0.9
5584,High,66.5
5585,High,75.0
5586,High,55.2
5587,Low,0.9
5588,Low,17.4
5589,High,69.7
5590,Low,28.8
5591,Low,14.1
5592,High,82.3
5593,Low,3.2
5594,Low,26.1
5595,High,65.3
5596,Low,30.4
5597,Low,0.8
5598,High,66.0
5599,Low,2.7
5600,High,84.7
5601,High,66.9
5602,Low,7.9
5603,Low,3.5
5604,High,62.9
5605,High,65.6
5606,Low,29.9
5607,Low,18.7
5608,Low,49.0
5609,Low,22.1
5610,High,64.5
5611,High,82.7
5612,High,53.2
5613,Low,31.0
5614,Low,5.3
5615,Low,23.6
5616,High,73.8
5617,Low,37.1
5618,Low,13.6
5619,Low,18.2
5620,Low,24.8
5621,Low,11.0
5622,High,81.0
5623,High,78.2
5624,Low,33.6
5625,Low,29.2
5626,Low,7.2
5627,Low,37.2
5628,High,74.8
5629,High,83.2
5630,High,67.2
5631,High,70.4
5632,High,66.9
5633,Low,1.1
5634,Low,45.5
5635,High,64.6
5636,Low,42.6
5637,Low,47.9
5638,Low,21.4
5639,High,73.7
5640,Low,13.3
5641,High,94.9
5642,Low,10.0
5643,Low,1.0
5644,High,94.8
5645,High,94.7
5646,Low,10.7
5647,Low,45.4
5648,Low,31.2
5649,Low,9.3
5650,Low,13.1
5651,Low,27.1
5652,High,58.2
5653,High,62.9
5654,High,76.2
5655,Low,11.0
5656,Low,0.9
5657,High,64.4
5658,High,69.0
5659,High,63.2
5660,Low,6.2
5661,Low,20.4
5662,Low,47.0
5663,High,88.0
5664,High,55.1
5665,High,81.8
5666,Low,18.7
5667,Low,10.8
5668,Low,19.0
5669,High,70.2
5670,Low,39.6
5671,Low,38.4
5672,Low,0.9
5673,Low,21.3
5674,Low,4.9
5675,Low,2.9
5676,High,74.1
5677,High,50.2
5678,Low,27.5
5679,High,75.9
5680,High,84.0
5681,High,56.4
5682,Low,20.4
5683,High,83.2
5684,Low,40.7
5685,High,56.3
5686,Low,2.1
5687,High,85.4
5688,Low,20.4
5689,Low,0.8
5690,High,76.4
5691,Low,2.1
5692,Low,3.0
5693,Low,35.4
5694,Low,4.1
5695,Low,10.1
5696,Low,1.2
5697,Low,46.1
5698,High,51.5
5699,High,73.3
5700,High,76.5
5701,High,62.6
5702,High,68.0
5703,High,55.0
5704,Low,0.7
5705,High,65.9
5706,High,53.6
5707,High,93.7
5708,High,71.3
5709,High,72.3
5710,Low,4.1
5711,Low,22.8
5712,High,66.4
5713,Low,8.6
5714,Low,2.2
5715,High,91.3
5716,High,68.3
5717,High,58.8
5718,Low,6.0
5719,High,81.6
5720,Low,0.9
5721,High,51.8
5722,Low,2.9
5723,High,75.1
5724,Low,42.8
5725,High,85.5
5726,Low,8.9
5727,Low,3.1
5728,Low,23.6
5729,High,83.9
5730,Low,27.6
5731,Low,0.8
5732,Low,24.6
5733,High,63.5
5734,Low,1.4
5735,Low,0.8
5736,Low,1.1
5737,High,67.2
5738,High,60.7
5739,Low,29.2
5740,Low,9.8
5741,Low,2.8
5742,High,78.5
5743,Low,1.6
5744,Low,3.6
5745,Low,13.5
5746,Low,0.4
5747,High,79.9
5748,Low,29.1
5749,High,78.7
5750,Low,43.5
5751,High,66.4
5752,Low,1.5
5753,Low,0.7
5754,Low,32.8
5755,Low,15.8
5756,High,73.0
5757,Low,3.6
5758,Low,23.8
5759,Low,2.3
5760,High,87.8
5761,High,66.5
5762,Low,1.5
5763,High,68.4
5764,High,78.9
5765,Low,32.0
5766,Low,41.6
5767,Low,12.9
5768,Low,2.2
5769,Low,19.7
5770,Low,28.1
5771,Low,29.3
5772,Low,10.7
5773,Low,1.5
5774,Low,34.7
5775,Low,29.3
5776,Low,5.0
5777,Low,0.8
5778,Low,7.5
5779,Low,43.7
5780,Low,47.2
5781,Low,5.1
5782,High,66.7
5783,High,96.9
5784,High,91.2
5785,High,59.3
5786,Low,1.1
5787,Low,0.8
5788,High,62.3
5789,Low,48.9
5790,Low,0.6
5791,Low,33.9
5792,Low,44.4
5793,High,76.6
5794,Low,41.8
5795,Low,6.7
5796,High,64.6
5797,Low,5.6
5798,High,65.4
5799,High,86.4
5800,High,53.7
5801,High,59.5
5802,High,56.5
5803,Low,34.0
5804,High,82.5
5805,Low,0.4
5806,Low,25.5
5807,Low,37.8
5808,Low,13.3
5809,Low,33.4
5810,High,82.7
5811,High,72.9
5812,Low,2.4
5813,High,88.7
5814,Low,36.9
5815,Low,12.3
5816,High,84.0
5817,High,70.7
5818,High,76.9
5819,Low,9.7
5820,Low,1.6
5821,Low,19.1
5822,Low,7.5
5823,High,53.1
5824,Low,10.6
5825,Low,2.3
5826,High,89.1
5827,High,94.7
5828,High,58.8
5829,Low,0.4
5830,Low,13.9
5831,Low,12.6
5832,High,83.4
5833,High,55.2
5834,Low,49.0
5835,High,56.6
5836,Low,1.4
5837,Low,4.6
5838,High,64.4
5839,Low,37.5
5840,High,72.9
5841,Low,15.3
5842,Low,28.4
5843,High,67.4
5844,Low,27.4
5845,High,81.3
5846,High,83.3
5847,High,82.3
5848,Low,26.7
5849,Low,10.4
5850,Low,0.8
5851,High,55.7
5852,Low,42.5
5853,Low,44.3
5854,Low,35.1
5855,Low,48.5
5856,Low,40.3
5857,High,51.2
5858,High,72.2
5859,Low,2.8
5860,Low,0.8
5861,High,80.8
5862,Low,1.4
5863,High,65.5
5864,High,74.3
5865,Low,1.6
5866,Low,26.0
5867,Low,31.6
5868,Low,5.6
5869,High,60.4
5870,Low,29.1
5871,High,66.2
5872,Low,38.3
5873,High,96.9
5874,High,55.6
5875,High,92.4
5876,Low,2.8
5877,High,94.8
5878,High,58.2
5879,Low,5.1
5880,Low,2.8
5881,High,75.5
5882,Low,27.0
5883,Low,0.5
5884,Low,12.9
5885,Low,30.3
5886,Low,6.8
5887,Low,5.8
5888,Low,43.0
5889,High,61.7
5890,Low,37.5
5891,Low,1.1
5892,Low,34.6
5893,Low,37.2
5894,Low,4.2
5895,High,71.5
5896,Low,43.4
5897,Low,0.7
5898,Low,0.4
5899,Low,7.7
5900,Low,35.1
5901,Low,40.7
5902,High,58.1
5903,Low,38.7
5904,Low,3.5
5905,Low,19.5
5906,High,95.0
5907,High,72.1
5908,High,74.7
5909,High,73.8
5910,Low,15.4
5911,Low,31.1
5912,High,68.0
5913,High,59.3
5914,Low,22.6
5915,Low,30.1
5916,Low,1.8
5917,Low,3.7
5918,Low,33.7
5919,Low,1.5
5920,Low,2.1
5921,High,60.2
5922,Low,18.5
5923,Low,10.6
5924,High,81.1
5925,Low,0.7
5926,Low,18.0
5927,High,75.0
5928,Low,8.1
5929,Low,3.4
5930,Low,28.8
5931,Low,0.8
5932,High,89.1
5933,High,88.6
5934,High,87.9
5935,High,67.4
5936,Low,35.2
5937,Low,0.8
5938,High,84.6
5939,High,55.9
5940,Low,49.9
5941,Low,19.6
5942,Low,43.8
5943,Low,49.3
5944,High,95.0
5945,Low,41.5
5946,Low,44.6
5947,Low,31.6
5948,Low,35.8
5949,Low,1.1
5950,Low,34.5
5951,High,68.5
5952,High,64.2
5953,High,53.9
5954,High,76.3
5955,Low,43.5
5956,Low,5.1
5957,High,68.5
5958,High,64.3
5959,Low,36.7
5960,Low,0.6
5961,Low,19.6
5962,High,82.0
5963,High,61.9
5964,Low,21.9
5965,Low,30.0
5966,Low,19.0
5967,High,74.4
5968,High,55.2
5969,Low,45.8
5970,High,65.6
5971,High,82.3
5972,Low,0.4
5973,Low,41.3
5974,Low,9.7
5975,Low,21.1
5976,High,84.5
5977,Low,49.1
5978,Low,1.0
5979,High,55.5
5980,Low,2.0
5981,Low,22.8
5982,Low,0.9
5983,Low,2.0
5984,Low,39.7
5985,High,81.3
5986,Low,14.1
5987,High,73.7
5988,Low,0.9
5989,Low,2.5
5990,High,87.8
5991,High,53.0
5992,High,73.6
5993,Low,19.2
5994,High,79.8
5995,High,73.1
5996,Low,4.9
5997,Low,0.8
5998,High,83.7
5999,Low,1.5
6000,Low,19.6
6001,Low,6.9
6002,High,77.0
6003,High,83.8
6004,Low,2.1
6005,Low,25.9
6006,Low,14.9
6007,High,51.5
6008,Low,13.3
6009,Low,1.0
6010,High,70.7
6011,Low,6.3
6012,Low,24.6
6013,High,85.7
6014,Low,35.2
6015,Low,23.6
6016,High,76.7
6017,Low,33.5
6018,Low,44.7
6019,Low,0.9
6020,Low,22.9
6021,Low,13.7
6022,Low,10.6
6023,Low,20.1
6024,Low,2.0
6025,High,84.2
6026,Low,30.9
6027,Low,30.1
6028,Low,2.8
6029,High,79.4
6030,High,87.5
6031,Low,40.0
6032,Low,30.6
6033,High,62.0
6034,High,65.3
6035,Low,3.6
6036,Low,43.0
6037,High,51.0
6038,Low,25.8
6039,Low,38.8
6040,High,55.2
6041,High,89.0
6042,Low,25.0
6043,Low,1.8
6044,High,75.2
6045,High,68.2
6046,Low,1.7
6047,High,82.3
6048,Low,41.5
6049,High,69.7
6050,Low,1.1
6051,Low,46.9
6052,Low,22.3
6053,Low,4.5
6054,Low,4.1
6055,High,70.6
6056,Low,36.4
6057,Low,14.7
6058,Low,42.1
6059,Low,48.1
6060,Low,11.9
6061,High,82.3
6062,Low,32.4
6063,Low,42.3
6064,Low,1.2
6065,High,82.9
6066,Low,1.2
6067,High,90.2
6068,Low,7.3
6069,High,53.4
6070,Low,14.6
6071,Low,2.4
6072,Low,10.4
6073,Low,32.3
6074,Low,13.6
6075,High,70.3
6076,Low,19.4
6077,Low,15.3
6078,Low,21.7
6079,Low,15.4
6080,Low,31.2
6081,High,73.7
6082,High,64.4
6083,High,58.3
6084,Low,0.4
6085,High,51.3
6086,High,72.5
6087,Low,2.5
6088,Low,11.2
6089,High,57.6
6090,High,90.9
6091,Low,9.9
6092,High,88.7
6093,Low,11.4
6094,Low,3.0
6095,Low,0.7
6096,Low,32.9
6097,High,85.0
6098,Low,1.2
6099,Low,25.0
6100,Low,0.8
6101,High,76.8
6102,Low,21.7
6103,Low,1.3
6104,Low,31.4
6105,Low,6.3
6106,High,56.6
6107,High,72.9
6108,High,73.7
6109,Low,23.6
6110,High,69.0
6111,Low,39.3
6112,High,56.0
6113,Low,38.8
6114,High,57.9
6115,Low,31.1
6116,Low,17.9
6117,Low,20.8
6118,Low,1.3
6119,Low,5.7
6120,Low,24.5
6121,Low,30.8
6122,Low,0.5
6123,Low,0.9
6124,Low,18.8
6125,Low,20.1
6126,High,82.2
6127,High,71.8
6128,High,53.8
6129,High,69.0
6130,Low,37.8
6131,Low,2.0
6132,High,53.3
6133,Low,23.7
6134,High,74.0
6135,High,62.8
6136,Low,2.5
6137,Low,1.0
6138,High,58.1
6139,Low,31.7
6140,Low,20.7
6141,Low,28.7
6142,High,68.8
6143,Low,47.9
6144,Low,6.2
6145,High,65.5
6146,Low,10.9
6147,High,81.0
6148,Low,33.9
6149,Low,3.9
6150,Low,8.1
6151,High,59.0
6152,High,74.1
6153,High,65.7
6154,Low,0.9
6155,Low,29.8
6156,Low,42.0
6157,High,63.5
6158,High,53.8
6159,Low,32.8
6160,Low,9.1
6161,Low,23.8
6162,High,75.3
6163,Low,3.4
6164,High,65.2
6165,Low,2.9
6166,High,78.3
6167,High,71.0
6168,High,51.1
6169,High,93.8
6170,High,80.2
6171,Low,44.3
6172,Low,32.0
6173,High,69.1
6174,High,56.5
6175,High,70.0
6176,Low,25.1
6177,High,59.6
6178,High,63.2
6179,Low,3.8
6180,High,82.2
6181,Low,19.7
6182,Low,40.9
6183,Low,1.2
6184,Low,17.0
6185,High,51.5
6186,Low,46.3
6187,Low,41.0
6188,Low,0.7
6189,Low,14.6
6190,Low,1.4
6191,High,93.9
6192,Low,46.7
6193,High,55.5
6194,Low,37.3
6195,Low,26.0
6196,High,81.1
6197,Low,22.0
6198,Low,42.6
6199,Low,2.5
6200,Low,49.2
6201,Low,1.2
6202,High,81.6
6203,Low,28.8
6204,Low,24.8
6205,Low,26.9
6206,High,54.3
6207,High,52.4
6208,High,58.6
6209,Low,2.6
6210,Low,7.3
6211,Low,10.3
6212,High,85.1
6213,Low,18.9
6214,Low,2.1
6215,Low,0.8
6216,High,91.7
6217,Low,2.8
6218,Low,15.9
6219,Low,9.6
6220,High,67.1
6221,Low,5.1
6222,Low,2.3
6223,Low,26.9
6224,High,52.8
6225,Low,20.2
6226,Low,30.2
6227,Low,0.8
6228,High,81.4
6229,Low,11.2
6230,Low,0.8
6231,High,67.2
6232,High,94.7
6233,High,90.0
6234,Low,16.6
6235,Low,0.9
6236,High,59.7
6237,High,67.7
6238,High,89.9
6239,Low,44.8
6240,Low,8.9
6241,High,92.9
6242,High,72.5
6243,Low,26.6
6244,Low,0.8
6245,High,60.6
6246,Low,15.5
6247,Low,2.9
6248,Low,2.1
6249,Low,2.1
6250,High,80.3
6251,Low,11.5
6252,Low,45.4
6253,Low,38.5
6254,Low,48.2
6255,Low,22.3
6256,Low,43.9
6257,High,83.2
6258,High,87.3
6259,Low,26.3
6260,Low,4.2
6261,Low,3.1
6262,Low,0.7
6263,Low,31.7
6264,Low,9.9
6265,Low,10.4
6266,High,77.4
6267,High,67.1
6268,High,85.7
6269,Low,4.8
6270,High,52.9
6271,Low,0.9
6272,Low,23.0
6273,Low,18.9
6274,High,78.6
6275,Low,19.2
6276,Low,2.6
6277,Low,2.9
6278,Low,27.0
6279,Low,10.2
6280,Low,49.0
6281,Low,17.8
6282,Low,3.5
6283,Low,0.8
6284,High,90.2
6285,High,66.2
6286,Low,9.9
6287,Low,22.7
6288,High,67.4
6289,High,84.0
6290,Low,36.7
6291,High,51.9
6292,Low,15.6
6293,Low,41.4
6294,Low,0.7
6295,High,57.0
6296,Low,1.5
6297,Low,12.0
6298,Low,31.5
6299,High,51.9
6300,Low,2.2
6301,Low,1.7
6302,Low,26.9
6303,High,78.4
6304,Low,29.8
6305,High,74.1
6306,High,66.5
6307,Low,46.6
6308,Low,11.9
6309,High,78.4
6310,Low,0.7
6311,Low,15.4
6312,Low,41.2
6313,High,59.7
6314,High,86.0
6315,High,75.3
6316,Low,6.2
6317,Low,0.9
6318,High,93.8
6319,Low,23.8
6320,Low,19.0
6321,Low,15.4
6322,Low,35.9
6323,High,84.2
6324,Low,46.9
6325,High,73.0
6326,High,67.1
6327,Low,3.7
6328,Low,25.9
6329,Low,1.2
6330,Low,22.5
6331,High,65.6
6332,Low,9.4
6333,Low,10.9
6334,High,62.2
6335,Low,10.3
6336,Low,45.5
6337,Low,44.9
6338,Low,40.5
6339,High,59.3
6340,High,65.0
6341,High,71.0
6342,High,75.9
6343,High,67.4
6344,Low,1.6
6345,High,56.0
6346,High,64.4
6347,High,68.5
6348,Low,33.3
6349,Low,33.0
6350,Low,2.1
6351,Low,30.8
6352,High,68.4
6353,High,53.0
6354,Low,34.9
6355,Low,24.8
6356,Low,21.6
6357,Low,28.2
6358,Low,25.9
6359,Low,1.1
6360,High,54.5
6361,Low,43.7
6362,Low,32.5
6363,High,68.1
6364,High,74.6
6365,Low,2.6
6366,High,89.6
6367,Low,2.1
6368,Low,3.2
6369,High,88.6
6370,Low,10.9
6371,Low,49.3
6372,Low,6.3
6373,Low,0.9
6374,Low,47.3
6375,Low,0.4
6376,High,86.9
6377,Low,5.4
6378,High,78.9
6379,High,82.0
6380,High,79.0
6381,Low,42.8
6382,Low,36.5
6383,Low,31.0
6384,Low,3.8
6385,Low,1.7
6386,High,90.4
6387,Low,0.8
6388,Low,33.0
6389,Low,32.0
6390,Low,3.4
6391,Low,27.1
6392,Low,25.9
6393,Low,31.9
6394,High,66.4
6395,Low,17.8
6396,High,53.1
6397,High,53.0
6398,Low,17.2
6399,Low,46.5
6400,Low,38.4
6401,Low,2.2
6402,High,75.0
6403,Low,3.7
6404,Low,2.4
6405,Low,45.5
6406,Low,47.8
6407,Low,29.7
6408,Low,20.7
6409,Low,36.9
6410,Low,1.4
6411,Low,22.6
6412,High,77.5
6413,Low,28.4
6414,High,61.9
6415,Low,3.5
6416,Low,17.8
6417,Low,3.1
6418,High,54.0
6419,Low,26.5
6420,Low,28.0
6421,Low,25.3
6422,Low,4.6
6423,Low,21.6
6424,Low,0.4
6425,Low,32.6
6426,Low,12.1
6427,Low,9.6
6428,Low,1.0
6429,High,61.3
6430,Low,12.2
6431,Low,26.2
6432,Low,1.5
6433,Low,38.5
6434,Low,0.7
6435,High,81.3
6436,Low,3.7
6437,Low,3.1
6438,Low,4.7
6439,High,91.3
6440,High,65.3
6441,High,67.8
6442,Low,44.9
6443,Low,13.1
6444,Low,32.5
6445,Low,35.6
6446,High,79.9
6447,Low,17.4
6448,Low,14.9
6449,High,58.9
6450,Low,36.5
6451,Low,0.6
6452,Low,39.8
6453,High,76.7
6454,High,74.9
6455,High,53.6
6456,Low,41.5
6457,Low,4.1
6458,Low,22.0
6459,High,64.2
6460,Low,25.8
6461,High,73.9
6462,High,59.0
6463,High,88.7
6464,Low,12.1
6465,Low,42.9
6466,Low,0.7
6467,High,57.9
6468,High,69.8
6469,Low,17.7
6470,Low,3.5
6471,Low,16.8
6472,Low,1.8
6473,Low,27.2
6474,High,94.6
6475,Low,1.1
6476,High,53.3
6477,Low,17.2
6478,Low,6.7
6479,Low,25.1
6480,High,79.3
6481,Low,40.0
6482,High,71.4
6483,High,92.3
6484,High,65.5
6485,Low,21.5
6486,Low,35.4
6487,Low,35.6
6488,Low,19.6
6489,High,97.0
6490,Low,48.7
6491,Low,0.9
6492,High,96.5
6493,Low,3.6
6494,Low,19.1
6495,Low,40.2
6496,High,96.9
6497,High,71.9
6498,High,67.6
6499,High,91.6
6500,Low,43.7
6501,Low,3.4
6502,Low,30.0
6503,Low,45.2
6504,Low,12.3
6505,High,84.2
6506,Low,2.8
6507,High,82.2
6508,Low,47.1
6509,High,52.2
6510,High,78.3
6511,Low,16.2
6512,Low,2.9
6513,Low,35.9
6514,Low,38.6
6515,Low,4.8
6516,Low,35.8
6517,High,67.6
6518,Low,34.6
6519,High,82.9
6520,Low,18.6
6521,High,88.7
6522,Low,4.6
6523,Low,34.8
6524,Low,19.7
6525,High,85.0
6526,Low,0.8
6527,Low,42.5
6528,Low,35.7
6529,Low,0.4
6530,High,81.8
6531,Low,10.4
6532,Low,27.6
6533,Low,5.1
6534,High,70.7
6535,Low,29.0
6536,High,58.0
6537,High,67.9
6538,High,58.3
6539,High,86.2
6540,High,50.6
6541,Low,15.4
6542,Low,1.0
6543,High,68.2
6544,Low,14.9
6545,High,73.3
6546,High,75.5
6547,Low,29.1
6548,Low,3.8
6549,Low,28.9
6550,High,75.2
6551,High,77.6
6552,Low,35.8
6553,High,87.0
6554,Low,2.2
6555,High,95.0
6556,Low,1.0
6557,Low,4.8
6558,High,72.2
6559,Low,29.7
6560,Low,44.9
6561,Low,1.2
6562,High,74.4
6563,High,84.6
6564,High,72.4
6565,Low,18.8
6566,Low,44.4
6567,Low,3.1
6568,High,76.5
6569,Low,1.1
6570,Low,0.5
6571,Low,49.1
6572,Low,10.0
6573,Low,0.6
6574,Low,11.6
6575,High,82.4
6576,Low,39.3
6577,Low,16.8
6578,Low,5.6
6579,Low,33.1
6580,Low,0.8
6581,Low,19.3
6582,Low,20.4
6583,Low,29.2
6584,Low,1.0
6585,Low,1.7
6586,Low,1.6
6587,Low,4.4
6588,Low,43.0
6589,Low,2.0
6590,Low,1.4
6591,High,89.3
6592,High,73.7
6593,Low,14.3
6594,Low,44.6
6595,Low,23.0
6596,Low,1.1
6597,Low,23.4
6598,High,76.7
6599,Low,3.0
6600,High,81.5
6601,High,71.1
6602,Low,6.3
6603,High,66.4
6604,Low,37.2
6605,High,68.8
6606,Low,41.6
6607,High,68.6
6608,High,77.8
6609,Low,10.1
6610,High,76.0
6611,High,78.5
6612,Low,17.7
6613,High,90.0
6614,Low,25.4
6615,Low,1.2
6616,Low,39.2
6617,High,75.1
6618,Low,24.0
6619,High,64.0
6620,Low,20.0
6621,High,92.6
6622,Low,2.2
6623,High,64.5
6624,High,94.7
6625,Low,2.2
6626,High,84.6
6627,High,88.8
6628,Low,4.5
6629,Low,23.7
6630,Low,0.8
6631,High,65.6
6632,Low,37.0
6633,Low,45.8
6634,High,91.5
6635,High,92.0
6636,Low,1.0
6637,Low,29.2
6638,Low,12.6
6639,Low,1.0
6640,Low,46.1
6641,Low,10.8
6642,Low,41.5
6643,High,61.3
6644,High,78.7
6645,Low,36.9
6646,Low,18.1
6647,Low,3.0
6648,Low,3.1
6649,Low,12.1
6650,Low,36.5
6651,Low,24.0
6652,Low,24.0
6653,Low,1.3
6654,Low,40.2
6655,High,83.6
6656,Low,0.4
6657,Low,1.0
6658,Low,13.5
6659,High,59.5
6660,Low,1.4
6661,High,96.5
6662,Low,4.0
6663,Low,9.4
6664,High,74.1
6665,Low,45.4
6666,Low,31.2
6667,High,65.8
6668,High,76.1
6669,High,67.9
6670,High,73.0
6671,Low,7.6
6672,Low,13.6
6673,Low,0.9
6674,High,67.8
6675,Low,36.8
6676,Low,37.1
6677,High,50.1
6678,Low,30.0
6679,Low,1.5
6680,Low,2.0
6681,Low,44.3
6682,High,84.9
6683,Low,0.9
6684,Low,11.1
6685,Low,8.1
6686,Low,46.9
6687,Low,27.3
6688,High,86.8
6689,Low,0.7
6690,Low,32.4
6691,Low,18.1
6692,Low,10.9
6693,Low,47.0
6694,Low,30.4
6695,Low,3.6
6696,Low,4.8
6697,High,86.0
6698,Low,25.9
6699,Low,24.0
6700,Low,1.6
6701,Low,28.8
6702,Low,35.8
6703,High,63.4
6704,High,77.1
6705,High,58.6
6706,Low,34.7
6707,High,64.6
6708,Low,0.7
6709,High,73.8
6710,Low,35.6
6711,Low,28.1
6712,High,62.9
6713,High,66.1
6714,Low,36.9
6715,High,79.1
6716,High,76.7
6717,High,80.4
6718,High,62.5
6719,High,81.9
6720,Low,0.7
6721,Low,0.8
6722,Low,3.5
6723,Low,30.2
6724,Low,0.8
6725,Low,25.8
6726,Low,25.7
6727,High,81.2
6728,High,52.7
6729,Low,1.6
6730,Low,4.8
6731,Low,1.3
6732,Low,0.9
6733,High,67.0
6734,Low,28.8
6735,Low,40.7
6736,Low,0.9
6737,Low,0.4
6738,Low,34.8
6739,Low,34.5
6740,Low,46.3
6741,High,61.6
6742,High,90.9
6743,Low,2.9
6744,Low,37.9
6745,Low,21.3
6746,High,74.0
6747,Low,49.9
6748,Low,9.1
6749,High,95.0
6750,Low,24.7
6751,Low,8.4
6752,Low,2.5
6753,Low,4.5
6754,Low,15.9
6755,Low,1.3
6756,High,57.2
6757,High,65.0
6758,Low,29.4
6759,Low,18.3
6760,Low,17.9
6761,High,72.0
6762,High,64.6
6763,Low,43.2
6764,Low,17.0
6765,High,96.5
6766,Low,0.8
6767,Low,8.5
6768,Low,30.1
6769,Low,12.6
6770,Low,0.9
6771,High,83.3
6772,Low,8.8
6773,Low,36.9
6774,Low,48.1
6775,High,53.6
6776,Low,4.4
6777,Low,5.3
6778,High,65.8
6779,Low,2.2
6780,Low,42.0
6781,Low,49.9
6782,High,76.9
6783,Low,37.1
6784,Low,3.4
6785,Low,20.7
6786,Low,31.9
6787,Low,48.8
6788,High,57.0
6789,Low,7.4
6790,High,73.8
6791,Low,0.7
6792,High,58.6
6793,Low,24.5
6794,Low,18.7
6795,Low,1.6
6796,High,52.9
6797,High,63.3
6798,Low,32.4
6799,High,65.2
6800,Low,21.6
6801,High,54.4
6802,Low,26.2
6803,High,64.5
6804,Low,19.9
6805,High,81.2
6806,Low,25.9
6807,Low,2.0
6808,Low,1.1
6809,Low,10.4
6810,High,79.9
6811,Low,40.2
6812,High,81.4
6813,Low,48.7
6814,Low,3.2
6815,Low,45.7
6816,Low,6.0
6817,High,89.1
6818,Low,0.7
6819,Low,6.5
6820,Low,45.2
6821,Low,39.0
6822,High,79.4
6823,High,64.1
6824,High,66.0
6825,Low,41.9
6826,High,60.6
6827,Low,12.5
6828,Low,46.4
6829,Low,1.6
6830,Low,1.1
6831,Low,0.9
6832,High,84.2
6833,Low,1.2
6834,High,71.2
6835,Low,3.2
6836,Low,21.5
6837,High,83.7
6838,High,77.0
6839,High,83.2
6840,High,92.3
6841,High,55.2
6842,Low,44.4
6843,Low,2.1
6844,High,82.9
6845,High,66.7
6846,High,83.7
6847,High,94.8
6848,Low,45.7
6849,High,73.9
6850,High,66.3
6851,Low,2.1
6852,Low,15.9
6853,Low,33.2
6854,Low,25.4
6855,Low,28.9
6856,Low,27.4
6857,Low,5.8
6858,Low,38.5
6859,High,66.2
6860,Low,4.7
6861,High,71.3
6862,High,68.6
6863,High,83.5
6864,Low,28.6
6865,High,73.7
6866,Low,3.4
6867,High,92.4
6868,Low,0.8
6869,High,84.4
6870,Low,29.8
6871,Low,44.3
6872,Low,45.7
6873,Low,17.8
6874,Low,0.8
6875,Low,29.5
6876,Low,1.2
6877,Low,42.9
6878,High,96.6
6879,High,84.2
6880,High,63.9
6881,Low,0.7
6882,High,52.9
6883,Low,21.1
6884,High,65.1
6885,High,74.2
6886,High,72.7
6887,High,89.3
6888,Low,3.4
6889,High,79.6
6890,High,81.1
6891,Low,17.3
6892,High,55.4
6893,Low,36.0
6894,Low,41.9
6895,High,88.1
6896,Low,3.1
6897,High,68.6
6898,Low,33.1
6899,Low,37.7
6900,High,81.7
6901,Low,24.3
6902,Low,17.3
6903,Low,12.9
6904,Low,28.5
6905,Low,40.5
6906,Low,32.7
6907,Low,1.5
6908,High,53.6
6909,Low,38.1
6910,High,80.2
6911,Low,4.1
6912,Low,1.7
6913,High,81.5
6914,Low,34.7
6915,High,74.1
6916,Low,9.1
6917,Low,1.6
6918,Low,0.8
6919,High,62.3
6920,Low,42.3
6921,Low,0.9
6922,High,53.8
6923,High,79.0
6924,Low,19.2
6925,High,96.5
6926,Low,0.8
6927,Low,46.9
6928,Low,27.0
6929,Low,18.1
6930,Low,10.6
6931,High,83.4
6932,Low,40.5
6933,Low,35.7
6934,High,96.9
6935,Low,12.4
6936,Low,20.8
6937,High,80.2
6938,High,53.3
6939,Low,5.0
6940,Low,25.5
6941,Low,5.7
6942,Low,14.7
6943,Low,0.4
6944,High,76.4
6945,Low,18.7
6946,Low,18.0
6947,Low,38.9
6948,Low,19.8
6949,Low,49.4
6950,Low,8.8
6951,High,66.0
6952,Low,1.5
6953,High,66.4
6954,High,76.1
6955,Low,24.4
6956,High,54.0
6957,Low,2.0
6958,High,81.1
6959,Low,2.8
6960,Low,25.4
6961,High,57.0
6962,High,60.7
6963,High,76.9
6964,High,85.4
6965,Low,18.6
6966,Low,33.5
6967,Low,13.8
6968,High,64.8
6969,High,59.8
6970,High,71.4
6971,High,80.3
6972,High,74.8
6973,High,58.2
6974,Low,26.0
6975,Low,32.6
6976,Low,3.4
6977,Low,2.8
6978,Low,35.2
6979,Low,1.5
6980,High,69.2
6981,High,58.1
6982,Low,33.2
6983,Low,4.8
6984,High,60.7
6985,Low,18.3
6986,Low,8.2
6987,High,68.6
6988,Low,43.6
6989,Low,30.2
6990,Low,24.7
6991,High,51.1
6992,High,87.1
6993,Low,20.7
6994,High,51.3
6995,Low,10.6
6996,Low,2.1
6997,Low,29.7
6998,High,53.8
6999,High,70.5
7000,High,72.6
7001,Low,6.1
7002,High,72.4
7003,Low,9.7
7004,High,50.6
7005,High,50.9
7006,Low,0.9
7007,High,70.2
7008,Low,4.2
7009,High,82.2
7010,High,60.3
7011,High,91.3
7012,Low,47.4
7013,Low,2.2
7014,Low,49.1
7015,Low,48.8
7016,High,62.7
7017,High,68.4
7018,Low,1.4
7019,High,87.7
7020,Low,1.0
7021,Low,28.0
7022,Low,30.1
7023,Low,20.1
7024,Low,43.4
7025,High,57.0
7026,High,69.4
7027,High,53.2
7028,High,70.2
7029,Low,2.0
7030,High,65.1
7031,Low,17.8
7032,Low,19.6
7033,High,94.8
7034,Low,35.7
7035,High,58.0
7036,High,65.3
7037,Low,19.1
7038,Low,0.4
7039,Low,22.9
7040,Low,18.7
7041,Low,39.2
7042,High,82.3
7043,Low,9.7
